STATE,BIOME,regionkey,Specie
AC,Amazonia,ACAmazonia,Apeiba tibourbou
AC,Amazonia,ACAmazonia,Apuleia leiocarpa
AC,Amazonia,ACAmazonia,Bixa orellana
AC,Amazonia,ACAmazonia,Cassia leiandra
AC,Amazonia,ACAmazonia,Cedrela fissilis
AC,Amazonia,ACAmazonia,Ceiba pentandra
AC,Amazonia,ACAmazonia,Chloroleucon mangense
AC,Amazonia,ACAmazonia,Cochlospermum orinocense
AC,Amazonia,ACAmazonia,Colubrina glandulosa
AC,Amazonia,ACAmazonia,Dinizia excelsa
AC,Amazonia,ACAmazonia,Dipteryx odorata
AC,Amazonia,ACAmazonia,Emmotum nitens
AC,Amazonia,ACAmazonia,Enterolobium schomburgkii
AC,Amazonia,ACAmazonia,Guazuma ulmifolia
AC,Amazonia,ACAmazonia,Handroanthus impetiginosus
AC,Amazonia,ACAmazonia,Handroanthus serratifolius
AC,Amazonia,ACAmazonia,Hymenaea courbaril
AC,Amazonia,ACAmazonia,Hymenaea intermedia
AC,Amazonia,ACAmazonia,Mabea fistulifera
AC,Amazonia,ACAmazonia,Ormosia excelsa
AC,Amazonia,ACAmazonia,Parkia multijuga
AC,Amazonia,ACAmazonia,Parkia pendula
AC,Amazonia,ACAmazonia,Platypodium elegans
AC,Amazonia,ACAmazonia,Psidium guajava
AC,Amazonia,ACAmazonia,Samanea tubulosa
AC,Amazonia,ACAmazonia,Schizolobium parahyba var. amazonicum
AC,Amazonia,ACAmazonia,Senegalia polyphylla
AC,Amazonia,ACAmazonia,Senna alata
AC,Amazonia,ACAmazonia,Senna multijuga
AC,Amazonia,ACAmazonia,Senna occidentalis
AC,Amazonia,ACAmazonia,Senna spectabilis
AC,Amazonia,ACAmazonia,Simarouba amara
AC,Amazonia,ACAmazonia,Solanum crinitum
AC,Amazonia,ACAmazonia,Spondias mombin
AC,Amazonia,ACAmazonia,Terminalia grandis
AC,Amazonia,ACAmazonia,Trattinnickia rhoifolia
AC,Amazonia,ACAmazonia,Trema micranthum
AC,Amazonia,ACAmazonia,Zanthoxylum rhoifolium
AL,Mata Atlantica,ALMata Atlantica,Andira fraxinifolia
AL,Mata Atlantica,ALMata Atlantica,Apeiba tibourbou
AL,Mata Atlantica,ALMata Atlantica,Apuleia leiocarpa
AL,Mata Atlantica,ALMata Atlantica,Astronium fraxinifolium
AL,Mata Atlantica,ALMata Atlantica,Astronium urundeuva
AL,Mata Atlantica,ALMata Atlantica,Bauhinia forficata
AL,Mata Atlantica,ALMata Atlantica,Bixa orellana
AL,Mata Atlantica,ALMata Atlantica,Cassia ferruginea
AL,Mata Atlantica,ALMata Atlantica,Cecropia pachystachya
AL,Mata Atlantica,ALMata Atlantica,Cedrela fissilis
AL,Mata Atlantica,ALMata Atlantica,Citharexylum myrianthum
AL,Mata Atlantica,ALMata Atlantica,Cordia trichotoma
AL,Mata Atlantica,ALMata Atlantica,Croton floribundus
AL,Mata Atlantica,ALMata Atlantica,Croton urucurana
AL,Mata Atlantica,ALMata Atlantica,Guazuma ulmifolia
AL,Mata Atlantica,ALMata Atlantica,Handroanthus impetiginosus
AL,Mata Atlantica,ALMata Atlantica,Handroanthus serratifolius
AL,Mata Atlantica,ALMata Atlantica,Hymenaea courbaril
AL,Mata Atlantica,ALMata Atlantica,Mimosa bimucronata
AL,Mata Atlantica,ALMata Atlantica,Peltophorum dubium
AL,Mata Atlantica,ALMata Atlantica,Psidium cattleyanum
AL,Mata Atlantica,ALMata Atlantica,Psidium guajava
AL,Mata Atlantica,ALMata Atlantica,Pterogyne nitens
AL,Mata Atlantica,ALMata Atlantica,Ricinus communis
AL,Mata Atlantica,ALMata Atlantica,Schinus terebinthifolia
AL,Mata Atlantica,ALMata Atlantica,Senegalia polyphylla
AL,Mata Atlantica,ALMata Atlantica,Senna alata
AL,Mata Atlantica,ALMata Atlantica,Senna macranthera
AL,Mata Atlantica,ALMata Atlantica,Senna multijuga
AL,Mata Atlantica,ALMata Atlantica,Senna occidentalis
AL,Mata Atlantica,ALMata Atlantica,Senna spectabilis
AL,Mata Atlantica,ALMata Atlantica,Simarouba amara
AL,Mata Atlantica,ALMata Atlantica,Tabebuia roseoalba
AL,Mata Atlantica,ALMata Atlantica,Trema micranthum
AL,Mata Atlantica,ALMata Atlantica,Zanthoxylum rhoifolium
AL,Mata Atlantica,ALMata Atlantica,Zeyheria tuberculosa
AM,Amazonia,AMAmazonia,Apeiba tibourbou
AM,Amazonia,AMAmazonia,Apuleia leiocarpa
AM,Amazonia,AMAmazonia,Bixa orellana
AM,Amazonia,AMAmazonia,Cassia leiandra
AM,Amazonia,AMAmazonia,Cedrela fissilis
AM,Amazonia,AMAmazonia,Ceiba pentandra
AM,Amazonia,AMAmazonia,Cochlospermum orinocense
AM,Amazonia,AMAmazonia,Colubrina glandulosa
AM,Amazonia,AMAmazonia,Copaifera martii
AM,Amazonia,AMAmazonia,Curatella americana
AM,Amazonia,AMAmazonia,Dinizia excelsa
AM,Amazonia,AMAmazonia,Dipteryx odorata
AM,Amazonia,AMAmazonia,Emmotum nitens
AM,Amazonia,AMAmazonia,Enterolobium schomburgkii
AM,Amazonia,AMAmazonia,Guazuma ulmifolia
AM,Amazonia,AMAmazonia,Handroanthus serratifolius
AM,Amazonia,AMAmazonia,Hymenaea courbaril
AM,Amazonia,AMAmazonia,Hymenaea intermedia
AM,Amazonia,AMAmazonia,Mabea fistulifera
AM,Amazonia,AMAmazonia,Ormosia excelsa
AM,Amazonia,AMAmazonia,Ormosia paraensis
AM,Amazonia,AMAmazonia,Parkia multijuga
AM,Amazonia,AMAmazonia,Parkia pendula
AM,Amazonia,AMAmazonia,Platypodium elegans
AM,Amazonia,AMAmazonia,Psidium guajava
AM,Amazonia,AMAmazonia,Samanea tubulosa
AM,Amazonia,AMAmazonia,Schizolobium parahyba var. amazonicum
AM,Amazonia,AMAmazonia,Senegalia polyphylla
AM,Amazonia,AMAmazonia,Senna alata
AM,Amazonia,AMAmazonia,Senna multijuga
AM,Amazonia,AMAmazonia,Senna occidentalis
AM,Amazonia,AMAmazonia,Simarouba amara
AM,Amazonia,AMAmazonia,Solanum crinitum
AM,Amazonia,AMAmazonia,Spondias mombin
AM,Amazonia,AMAmazonia,Tachigali bracteosa
AM,Amazonia,AMAmazonia,Tachigali vulgaris
AM,Amazonia,AMAmazonia,Terminalia grandis
AM,Amazonia,AMAmazonia,Terminalia tetraphylla
AM,Amazonia,AMAmazonia,Trattinnickia rhoifolia
AM,Amazonia,AMAmazonia,Trema micranthum
AM,Amazonia,AMAmazonia,Zanthoxylum rhoifolium
AP,Amazonia,APAmazonia,Apeiba tibourbou
AP,Amazonia,APAmazonia,Bixa orellana
AP,Amazonia,APAmazonia,Cassia leiandra
AP,Amazonia,APAmazonia,Chloroleucon acacioides
AP,Amazonia,APAmazonia,Cochlospermum orinocense
AP,Amazonia,APAmazonia,Curatella americana
AP,Amazonia,APAmazonia,Dinizia excelsa
AP,Amazonia,APAmazonia,Dipteryx odorata
AP,Amazonia,APAmazonia,Enterolobium schomburgkii
AP,Amazonia,APAmazonia,Guazuma ulmifolia
AP,Amazonia,APAmazonia,Handroanthus serratifolius
AP,Amazonia,APAmazonia,Hymenaea courbaril
AP,Amazonia,APAmazonia,Hymenaea intermedia
AP,Amazonia,APAmazonia,Mabea fistulifera
AP,Amazonia,APAmazonia,Ormosia paraensis
AP,Amazonia,APAmazonia,Parkia pendula
AP,Amazonia,APAmazonia,Senegalia polyphylla
AP,Amazonia,APAmazonia,Senna alata
AP,Amazonia,APAmazonia,Senna multijuga
AP,Amazonia,APAmazonia,Senna occidentalis
AP,Amazonia,APAmazonia,Simarouba amara
AP,Amazonia,APAmazonia,Solanum crinitum
AP,Amazonia,APAmazonia,Spondias mombin
AP,Amazonia,APAmazonia,Terminalia tetraphylla
AP,Amazonia,APAmazonia,Trattinnickia rhoifolia
AP,Amazonia,APAmazonia,Trema micranthum
AP,Amazonia,APAmazonia,Zanthoxylum rhoifolium
BA,Cerrado,BACerrado,Achyrocline satureioides
BA,Cerrado,BACerrado,Acrocomia aculeata
BA,Cerrado,BACerrado,Amburana cearensis
BA,Cerrado,BACerrado,Anacardium occidentale
BA,Cerrado,BACerrado,Anadenanthera colubrina
BA,Cerrado,BACerrado,Anadenanthera peregrina
BA,Cerrado,BACerrado,Andira cujabensis
BA,Cerrado,BACerrado,Andira vermifuga
BA,Cerrado,BACerrado,Andropogon fastigiatus
BA,Cerrado,BACerrado,Aristida gibbosa
BA,Cerrado,BACerrado,Aristida longifolia
BA,Cerrado,BACerrado,Aristida riparia
BA,Cerrado,BACerrado,Aspidosperma macrocarpon
BA,Cerrado,BACerrado,Aspidosperma tomentosum
BA,Cerrado,BACerrado,Astronium fraxinifolium
BA,Cerrado,BACerrado,Astronium urundeuva
BA,Cerrado,BACerrado,Axonopus aureus
BA,Cerrado,BACerrado,Byrsonima cydoniifolia
BA,Cerrado,BACerrado,Caryocar brasiliense
BA,Cerrado,BACerrado,Chromolaena maximiliani
BA,Cerrado,BACerrado,Combretum duarteanum
BA,Cerrado,BACerrado,Copaifera langsdorffii
BA,Cerrado,BACerrado,Cybistax antisyphilitica
BA,Cerrado,BACerrado,Dalbergia miscolobium
BA,Cerrado,BACerrado,Dimorphandra mollis
BA,Cerrado,BACerrado,Dipteryx alata
BA,Cerrado,BACerrado,Echinolaena inflexa
BA,Cerrado,BACerrado,Emmotum nitens
BA,Cerrado,BACerrado,Enterolobium contortisiliquum
BA,Cerrado,BACerrado,Eremanthus glomerulatus
BA,Cerrado,BACerrado,Eremanthus uniflorus
BA,Cerrado,BACerrado,Guazuma ulmifolia
BA,Cerrado,BACerrado,Handroanthus ochraceus
BA,Cerrado,BACerrado,Hymenaea stigonocarpa
BA,Cerrado,BACerrado,Jacaranda brasiliana
BA,Cerrado,BACerrado,Kielmeyera coriacea
BA,Cerrado,BACerrado,Lepidaploa aurea
BA,Cerrado,BACerrado,Loudetiopsis chrysothrix
BA,Cerrado,BACerrado,Machaerium opacum
BA,Cerrado,BACerrado,Macropsychanthus violaceus
BA,Cerrado,BACerrado,Magonia pubescens
BA,Cerrado,BACerrado,Mauritiella armata
BA,Cerrado,BACerrado,Peltogyne confertiflora
BA,Cerrado,BACerrado,Plathymenia reticulata
BA,Cerrado,BACerrado,Platypodium elegans
BA,Cerrado,BACerrado,Pterogyne nitens
BA,Cerrado,BACerrado,Qualea grandiflora
BA,Cerrado,BACerrado,Schizachyrium sanguineum
BA,Cerrado,BACerrado,Senegalia polyphylla
BA,Cerrado,BACerrado,Senna alata
BA,Cerrado,BACerrado,Senna spectabilis
BA,Cerrado,BACerrado,Simarouba amara
BA,Cerrado,BACerrado,Simarouba versicolor
BA,Cerrado,BACerrado,Solanum lycocarpum
BA,Cerrado,BACerrado,Sterculia striata
BA,Cerrado,BACerrado,Stryphnodendron adstringens
BA,Cerrado,BACerrado,Syagrus oleracea
BA,Cerrado,BACerrado,Tabebuia aurea
BA,Cerrado,BACerrado,Tachigali aurea
BA,Cerrado,BACerrado,Tachigali vulgaris
BA,Cerrado,BACerrado,Terminalia argentea
BA,Cerrado,BACerrado,Terminalia corrugata
BA,Cerrado,BACerrado,Terminalia fagifolia
BA,Cerrado,BACerrado,Trachypogon spicatus
BA,Cerrado,BACerrado,Vatairea macrocarpa
BA,Cerrado,BACerrado,Vernonanthura polyanthes
BA,Mata Atlantica,BAMata Atlantica,Albizia niopoides
BA,Mata Atlantica,BAMata Atlantica,Alchornea triplinervia
BA,Mata Atlantica,BAMata Atlantica,Anadenanthera colubrina
BA,Mata Atlantica,BAMata Atlantica,Anadenanthera peregrina
BA,Mata Atlantica,BAMata Atlantica,Andira fraxinifolia
BA,Mata Atlantica,BAMata Atlantica,Apeiba tibourbou
BA,Mata Atlantica,BAMata Atlantica,Apuleia leiocarpa
BA,Mata Atlantica,BAMata Atlantica,Astronium fraxinifolium
BA,Mata Atlantica,BAMata Atlantica,Astronium urundeuva
BA,Mata Atlantica,BAMata Atlantica,Axonopus siccus
BA,Mata Atlantica,BAMata Atlantica,Bauhinia forficata
BA,Mata Atlantica,BAMata Atlantica,Bixa orellana
BA,Mata Atlantica,BAMata Atlantica,Cassia ferruginea
BA,Mata Atlantica,BAMata Atlantica,Cecropia glaziovii
BA,Mata Atlantica,BAMata Atlantica,Cecropia pachystachya
BA,Mata Atlantica,BAMata Atlantica,Cedrela fissilis
BA,Mata Atlantica,BAMata Atlantica,Ceiba speciosa
BA,Mata Atlantica,BAMata Atlantica,Chromolaena maximiliani
BA,Mata Atlantica,BAMata Atlantica,Citharexylum myrianthum
BA,Mata Atlantica,BAMata Atlantica,Copaifera langsdorffii
BA,Mata Atlantica,BAMata Atlantica,Cordia trichotoma
BA,Mata Atlantica,BAMata Atlantica,Croton floribundus
BA,Mata Atlantica,BAMata Atlantica,Croton urucurana
BA,Mata Atlantica,BAMata Atlantica,Emmotum nitens
BA,Mata Atlantica,BAMata Atlantica,Enterolobium contortisiliquum
BA,Mata Atlantica,BAMata Atlantica,Enterolobium timbouva
BA,Mata Atlantica,BAMata Atlantica,Erythrina speciosa
BA,Mata Atlantica,BAMata Atlantica,Gallesia integrifolia
BA,Mata Atlantica,BAMata Atlantica,Guazuma ulmifolia
BA,Mata Atlantica,BAMata Atlantica,Handroanthus heptaphyllus
BA,Mata Atlantica,BAMata Atlantica,Handroanthus impetiginosus
BA,Mata Atlantica,BAMata Atlantica,Handroanthus ochraceus
BA,Mata Atlantica,BAMata Atlantica,Handroanthus serratifolius
BA,Mata Atlantica,BAMata Atlantica,Hymenaea courbaril
BA,Mata Atlantica,BAMata Atlantica,Mabea fistulifera
BA,Mata Atlantica,BAMata Atlantica,Maclura tinctoria
BA,Mata Atlantica,BAMata Atlantica,Macropsychanthus violaceus
BA,Mata Atlantica,BAMata Atlantica,Mimosa bimucronata
BA,Mata Atlantica,BAMata Atlantica,Myroxylon peruiferum
BA,Mata Atlantica,BAMata Atlantica,Ormosia arborea
BA,Mata Atlantica,BAMata Atlantica,Peltophorum dubium
BA,Mata Atlantica,BAMata Atlantica,Platypodium elegans
BA,Mata Atlantica,BAMata Atlantica,Psidium cattleyanum
BA,Mata Atlantica,BAMata Atlantica,Psidium guajava
BA,Mata Atlantica,BAMata Atlantica,Pterogyne nitens
BA,Mata Atlantica,BAMata Atlantica,Ricinus communis
BA,Mata Atlantica,BAMata Atlantica,Schinus terebinthifolia
BA,Mata Atlantica,BAMata Atlantica,Schizolobium parahyba var. parahyba
BA,Mata Atlantica,BAMata Atlantica,Senegalia polyphylla
BA,Mata Atlantica,BAMata Atlantica,Senna alata
BA,Mata Atlantica,BAMata Atlantica,Senna macranthera
BA,Mata Atlantica,BAMata Atlantica,Senna multijuga
BA,Mata Atlantica,BAMata Atlantica,Senna occidentalis
BA,Mata Atlantica,BAMata Atlantica,Senna spectabilis
BA,Mata Atlantica,BAMata Atlantica,Simarouba amara
BA,Mata Atlantica,BAMata Atlantica,Syagrus romanzoffiana
BA,Mata Atlantica,BAMata Atlantica,Tabebuia roseoalba
BA,Mata Atlantica,BAMata Atlantica,Trema micranthum
BA,Mata Atlantica,BAMata Atlantica,Vitex megapotamica
BA,Mata Atlantica,BAMata Atlantica,Zanthoxylum rhoifolium
BA,Mata Atlantica,BAMata Atlantica,Zeyheria tuberculosa
DF,Cerrado,DFCerrado,Acrocomia aculeata
DF,Cerrado,DFCerrado,Aldama bracteata
DF,Cerrado,DFCerrado,Anacardium occidentale
DF,Cerrado,DFCerrado,Anadenanthera colubrina
DF,Cerrado,DFCerrado,Anadenanthera peregrina
DF,Cerrado,DFCerrado,Andira cujabensis
DF,Cerrado,DFCerrado,Andira vermifuga
DF,Cerrado,DFCerrado,Andropogon fastigiatus
DF,Cerrado,DFCerrado,Aristida gibbosa
DF,Cerrado,DFCerrado,Aristida longifolia
DF,Cerrado,DFCerrado,Aristida riparia
DF,Cerrado,DFCerrado,Aspidosperma macrocarpon
DF,Cerrado,DFCerrado,Aspidosperma tomentosum
DF,Cerrado,DFCerrado,Astronium fraxinifolium
DF,Cerrado,DFCerrado,Astronium urundeuva
DF,Cerrado,DFCerrado,Axonopus aureus
DF,Cerrado,DFCerrado,Byrsonima cydoniifolia
DF,Cerrado,DFCerrado,Caryocar brasiliense
DF,Cerrado,DFCerrado,Chromolaena maximiliani
DF,Cerrado,DFCerrado,Combretum duarteanum
DF,Cerrado,DFCerrado,Copaifera langsdorffii
DF,Cerrado,DFCerrado,Cybistax antisyphilitica
DF,Cerrado,DFCerrado,Dalbergia miscolobium
DF,Cerrado,DFCerrado,Dimorphandra mollis
DF,Cerrado,DFCerrado,Dipteryx alata
DF,Cerrado,DFCerrado,Echinolaena inflexa
DF,Cerrado,DFCerrado,Emmotum nitens
DF,Cerrado,DFCerrado,Enterolobium contortisiliquum
DF,Cerrado,DFCerrado,Eremanthus glomerulatus
DF,Cerrado,DFCerrado,Guazuma ulmifolia
DF,Cerrado,DFCerrado,Handroanthus ochraceus
DF,Cerrado,DFCerrado,Hymenaea stigonocarpa
DF,Cerrado,DFCerrado,Hyparrhenia bracteata
DF,Cerrado,DFCerrado,Jacaranda brasiliana
DF,Cerrado,DFCerrado,Kielmeyera coriacea
DF,Cerrado,DFCerrado,Lepidaploa aurea
DF,Cerrado,DFCerrado,Loudetiopsis chrysothrix
DF,Cerrado,DFCerrado,Machaerium opacum
DF,Cerrado,DFCerrado,Magonia pubescens
DF,Cerrado,DFCerrado,Mimosa claussenii
DF,Cerrado,DFCerrado,Peltogyne confertiflora
DF,Cerrado,DFCerrado,Plathymenia reticulata
DF,Cerrado,DFCerrado,Platypodium elegans
DF,Cerrado,DFCerrado,Qualea grandiflora
DF,Cerrado,DFCerrado,Schizachyrium sanguineum
DF,Cerrado,DFCerrado,Senegalia polyphylla
DF,Cerrado,DFCerrado,Senna alata
DF,Cerrado,DFCerrado,Senna spectabilis
DF,Cerrado,DFCerrado,Simarouba amara
DF,Cerrado,DFCerrado,Simarouba versicolor
DF,Cerrado,DFCerrado,Solanum lycocarpum
DF,Cerrado,DFCerrado,Sterculia striata
DF,Cerrado,DFCerrado,Stryphnodendron adstringens
DF,Cerrado,DFCerrado,Syagrus oleracea
DF,Cerrado,DFCerrado,Tabebuia aurea
DF,Cerrado,DFCerrado,Tachigali aurea
DF,Cerrado,DFCerrado,Tachigali vulgaris
DF,Cerrado,DFCerrado,Terminalia argentea
DF,Cerrado,DFCerrado,Terminalia corrugata
DF,Cerrado,DFCerrado,Terminalia fagifolia
DF,Cerrado,DFCerrado,Trachypogon spicatus
DF,Cerrado,DFCerrado,Vatairea macrocarpa
ES,Mata Atlantica,ESMata Atlantica,Alchornea triplinervia
ES,Mata Atlantica,ESMata Atlantica,Andira fraxinifolia
ES,Mata Atlantica,ESMata Atlantica,Apeiba tibourbou
ES,Mata Atlantica,ESMata Atlantica,Apuleia leiocarpa
ES,Mata Atlantica,ESMata Atlantica,Astronium urundeuva
ES,Mata Atlantica,ESMata Atlantica,Axonopus siccus
ES,Mata Atlantica,ESMata Atlantica,Bauhinia forficata
ES,Mata Atlantica,ESMata Atlantica,Bixa orellana
ES,Mata Atlantica,ESMata Atlantica,Cassia ferruginea
ES,Mata Atlantica,ESMata Atlantica,Cecropia glaziovii
ES,Mata Atlantica,ESMata Atlantica,Cecropia pachystachya
ES,Mata Atlantica,ESMata Atlantica,Cedrela fissilis
ES,Mata Atlantica,ESMata Atlantica,Ceiba speciosa
ES,Mata Atlantica,ESMata Atlantica,Chromolaena maximiliani
ES,Mata Atlantica,ESMata Atlantica,Citharexylum myrianthum
ES,Mata Atlantica,ESMata Atlantica,Copaifera langsdorffii
ES,Mata Atlantica,ESMata Atlantica,Cordia trichotoma
ES,Mata Atlantica,ESMata Atlantica,Croton floribundus
ES,Mata Atlantica,ESMata Atlantica,Croton urucurana
ES,Mata Atlantica,ESMata Atlantica,Enterolobium contortisiliquum
ES,Mata Atlantica,ESMata Atlantica,Erythrina speciosa
ES,Mata Atlantica,ESMata Atlantica,Guazuma ulmifolia
ES,Mata Atlantica,ESMata Atlantica,Handroanthus heptaphyllus
ES,Mata Atlantica,ESMata Atlantica,Handroanthus impetiginosus
ES,Mata Atlantica,ESMata Atlantica,Handroanthus ochraceus
ES,Mata Atlantica,ESMata Atlantica,Handroanthus serratifolius
ES,Mata Atlantica,ESMata Atlantica,Hymenaea courbaril
ES,Mata Atlantica,ESMata Atlantica,Mabea fistulifera
ES,Mata Atlantica,ESMata Atlantica,Maclura tinctoria
ES,Mata Atlantica,ESMata Atlantica,Macropsychanthus violaceus
ES,Mata Atlantica,ESMata Atlantica,Mimosa bimucronata
ES,Mata Atlantica,ESMata Atlantica,Myroxylon peruiferum
ES,Mata Atlantica,ESMata Atlantica,Ormosia arborea
ES,Mata Atlantica,ESMata Atlantica,Peltophorum dubium
ES,Mata Atlantica,ESMata Atlantica,Platypodium elegans
ES,Mata Atlantica,ESMata Atlantica,Psidium cattleyanum
ES,Mata Atlantica,ESMata Atlantica,Psidium guajava
ES,Mata Atlantica,ESMata Atlantica,Pterogyne nitens
ES,Mata Atlantica,ESMata Atlantica,Ricinus communis
ES,Mata Atlantica,ESMata Atlantica,Schinus terebinthifolia
ES,Mata Atlantica,ESMata Atlantica,Schizolobium parahyba var. parahyba
ES,Mata Atlantica,ESMata Atlantica,Senegalia polyphylla
ES,Mata Atlantica,ESMata Atlantica,Senna alata
ES,Mata Atlantica,ESMata Atlantica,Senna macranthera
ES,Mata Atlantica,ESMata Atlantica,Senna multijuga
ES,Mata Atlantica,ESMata Atlantica,Senna occidentalis
ES,Mata Atlantica,ESMata Atlantica,Simarouba amara
ES,Mata Atlantica,ESMata Atlantica,Syagrus romanzoffiana
ES,Mata Atlantica,ESMata Atlantica,Tabebuia roseoalba
ES,Mata Atlantica,ESMata Atlantica,Trema micranthum
ES,Mata Atlantica,ESMata Atlantica,Vitex megapotamica
ES,Mata Atlantica,ESMata Atlantica,Zanthoxylum rhoifolium
ES,Mata Atlantica,ESMata Atlantica,Zeyheria tuberculosa
GO,Cerrado,GOCerrado,Acrocomia aculeata
GO,Cerrado,GOCerrado,Aldama bracteata
GO,Cerrado,GOCerrado,Amburana cearensis
GO,Cerrado,GOCerrado,Anacardium occidentale
GO,Cerrado,GOCerrado,Anadenanthera colubrina
GO,Cerrado,GOCerrado,Anadenanthera peregrina
GO,Cerrado,GOCerrado,Andira cujabensis
GO,Cerrado,GOCerrado,Andira vermifuga
GO,Cerrado,GOCerrado,Andropogon fastigiatus
GO,Cerrado,GOCerrado,Aristida gibbosa
GO,Cerrado,GOCerrado,Aristida longifolia
GO,Cerrado,GOCerrado,Aristida riparia
GO,Cerrado,GOCerrado,Aspidosperma macrocarpon
GO,Cerrado,GOCerrado,Aspidosperma tomentosum
GO,Cerrado,GOCerrado,Astronium fraxinifolium
GO,Cerrado,GOCerrado,Astronium urundeuva
GO,Cerrado,GOCerrado,Axonopus aureus
GO,Cerrado,GOCerrado,Byrsonima cydoniifolia
GO,Cerrado,GOCerrado,Caryocar brasiliense
GO,Cerrado,GOCerrado,Chromolaena maximiliani
GO,Cerrado,GOCerrado,Combretum duarteanum
GO,Cerrado,GOCerrado,Copaifera langsdorffii
GO,Cerrado,GOCerrado,Cordia alliodora
GO,Cerrado,GOCerrado,Cybistax antisyphilitica
GO,Cerrado,GOCerrado,Dalbergia miscolobium
GO,Cerrado,GOCerrado,Dimorphandra mollis
GO,Cerrado,GOCerrado,Dipteryx alata
GO,Cerrado,GOCerrado,Echinolaena inflexa
GO,Cerrado,GOCerrado,Emmotum nitens
GO,Cerrado,GOCerrado,Enterolobium contortisiliquum
GO,Cerrado,GOCerrado,Eremanthus glomerulatus
GO,Cerrado,GOCerrado,Eremanthus uniflorus
GO,Cerrado,GOCerrado,Guazuma ulmifolia
GO,Cerrado,GOCerrado,Handroanthus ochraceus
GO,Cerrado,GOCerrado,Hymenaea stigonocarpa
GO,Cerrado,GOCerrado,Hyparrhenia bracteata
GO,Cerrado,GOCerrado,Jacaranda brasiliana
GO,Cerrado,GOCerrado,Kielmeyera coriacea
GO,Cerrado,GOCerrado,Lepidaploa aurea
GO,Cerrado,GOCerrado,Loudetiopsis chrysothrix
GO,Cerrado,GOCerrado,Machaerium opacum
GO,Cerrado,GOCerrado,Magonia pubescens
GO,Cerrado,GOCerrado,Mauritiella armata
GO,Cerrado,GOCerrado,Mimosa claussenii
GO,Cerrado,GOCerrado,Peltogyne confertiflora
GO,Cerrado,GOCerrado,Plathymenia reticulata
GO,Cerrado,GOCerrado,Platypodium elegans
GO,Cerrado,GOCerrado,Pterogyne nitens
GO,Cerrado,GOCerrado,Qualea grandiflora
GO,Cerrado,GOCerrado,Schizachyrium sanguineum
GO,Cerrado,GOCerrado,Senegalia polyphylla
GO,Cerrado,GOCerrado,Senna alata
GO,Cerrado,GOCerrado,Senna spectabilis
GO,Cerrado,GOCerrado,Simarouba amara
GO,Cerrado,GOCerrado,Simarouba versicolor
GO,Cerrado,GOCerrado,Solanum lycocarpum
GO,Cerrado,GOCerrado,Sterculia striata
GO,Cerrado,GOCerrado,Stryphnodendron adstringens
GO,Cerrado,GOCerrado,Syagrus oleracea
GO,Cerrado,GOCerrado,Tabebuia aurea
GO,Cerrado,GOCerrado,Tachigali aurea
GO,Cerrado,GOCerrado,Tachigali vulgaris
GO,Cerrado,GOCerrado,Terminalia argentea
GO,Cerrado,GOCerrado,Terminalia corrugata
GO,Cerrado,GOCerrado,Terminalia fagifolia
GO,Cerrado,GOCerrado,Trachypogon spicatus
GO,Cerrado,GOCerrado,Vatairea macrocarpa
GO,Mata Atlantica,GOMata Atlantica,Albizia niopoides
GO,Mata Atlantica,GOMata Atlantica,Alchornea triplinervia
GO,Mata Atlantica,GOMata Atlantica,Anadenanthera colubrina
GO,Mata Atlantica,GOMata Atlantica,Anadenanthera peregrina
GO,Mata Atlantica,GOMata Atlantica,Andira fraxinifolia
GO,Mata Atlantica,GOMata Atlantica,Apeiba tibourbou
GO,Mata Atlantica,GOMata Atlantica,Apuleia leiocarpa
GO,Mata Atlantica,GOMata Atlantica,Astronium fraxinifolium
GO,Mata Atlantica,GOMata Atlantica,Astronium urundeuva
GO,Mata Atlantica,GOMata Atlantica,Axonopus siccus
GO,Mata Atlantica,GOMata Atlantica,Bixa orellana
GO,Mata Atlantica,GOMata Atlantica,Cassia ferruginea
GO,Mata Atlantica,GOMata Atlantica,Cecropia pachystachya
GO,Mata Atlantica,GOMata Atlantica,Cedrela fissilis
GO,Mata Atlantica,GOMata Atlantica,Ceiba speciosa
GO,Mata Atlantica,GOMata Atlantica,Chromolaena maximiliani
GO,Mata Atlantica,GOMata Atlantica,Copaifera langsdorffii
GO,Mata Atlantica,GOMata Atlantica,Cordia trichotoma
GO,Mata Atlantica,GOMata Atlantica,Croton urucurana
GO,Mata Atlantica,GOMata Atlantica,Emmotum nitens
GO,Mata Atlantica,GOMata Atlantica,Enterolobium contortisiliquum
GO,Mata Atlantica,GOMata Atlantica,Enterolobium timbouva
GO,Mata Atlantica,GOMata Atlantica,Erythrina speciosa
GO,Mata Atlantica,GOMata Atlantica,Guazuma ulmifolia
GO,Mata Atlantica,GOMata Atlantica,Handroanthus impetiginosus
GO,Mata Atlantica,GOMata Atlantica,Handroanthus ochraceus
GO,Mata Atlantica,GOMata Atlantica,Handroanthus serratifolius
GO,Mata Atlantica,GOMata Atlantica,Hymenaea courbaril
GO,Mata Atlantica,GOMata Atlantica,Jacaranda cuspidifolia
GO,Mata Atlantica,GOMata Atlantica,Mabea fistulifera
GO,Mata Atlantica,GOMata Atlantica,Maclura tinctoria
GO,Mata Atlantica,GOMata Atlantica,Mimosa bimucronata
GO,Mata Atlantica,GOMata Atlantica,Myroxylon peruiferum
GO,Mata Atlantica,GOMata Atlantica,Peltophorum dubium
GO,Mata Atlantica,GOMata Atlantica,Platypodium elegans
GO,Mata Atlantica,GOMata Atlantica,Pterogyne nitens
GO,Mata Atlantica,GOMata Atlantica,Ricinus communis
GO,Mata Atlantica,GOMata Atlantica,Samanea tubulosa
GO,Mata Atlantica,GOMata Atlantica,Schinus terebinthifolia
GO,Mata Atlantica,GOMata Atlantica,Schizolobium parahyba var. parahyba
GO,Mata Atlantica,GOMata Atlantica,Senegalia polyphylla
GO,Mata Atlantica,GOMata Atlantica,Senna alata
GO,Mata Atlantica,GOMata Atlantica,Senna macranthera
GO,Mata Atlantica,GOMata Atlantica,Senna multijuga
GO,Mata Atlantica,GOMata Atlantica,Senna occidentalis
GO,Mata Atlantica,GOMata Atlantica,Senna spectabilis
GO,Mata Atlantica,GOMata Atlantica,Simarouba amara
GO,Mata Atlantica,GOMata Atlantica,Syagrus romanzoffiana
GO,Mata Atlantica,GOMata Atlantica,Tabebuia roseoalba
GO,Mata Atlantica,GOMata Atlantica,Trema micranthum
GO,Mata Atlantica,GOMata Atlantica,Vitex megapotamica
GO,Mata Atlantica,GOMata Atlantica,Zanthoxylum rhoifolium
MA,Amazonia,MAAmazonia,Apeiba tibourbou
MA,Amazonia,MAAmazonia,Apuleia leiocarpa
MA,Amazonia,MAAmazonia,Astronium fraxinifolium
MA,Amazonia,MAAmazonia,Bixa orellana
MA,Amazonia,MAAmazonia,Cecropia pachystachya
MA,Amazonia,MAAmazonia,Cedrela fissilis
MA,Amazonia,MAAmazonia,Ceiba pentandra
MA,Amazonia,MAAmazonia,Chloroleucon acacioides
MA,Amazonia,MAAmazonia,Cochlospermum orinocense
MA,Amazonia,MAAmazonia,Colubrina glandulosa
MA,Amazonia,MAAmazonia,Copaifera martii
MA,Amazonia,MAAmazonia,Curatella americana
MA,Amazonia,MAAmazonia,Dipteryx odorata
MA,Amazonia,MAAmazonia,Emmotum nitens
MA,Amazonia,MAAmazonia,Enterolobium schomburgkii
MA,Amazonia,MAAmazonia,Guazuma ulmifolia
MA,Amazonia,MAAmazonia,Handroanthus impetiginosus
MA,Amazonia,MAAmazonia,Handroanthus serratifolius
MA,Amazonia,MAAmazonia,Hymenaea courbaril
MA,Amazonia,MAAmazonia,Mabea fistulifera
MA,Amazonia,MAAmazonia,Oenocarpus distichus
MA,Amazonia,MAAmazonia,Ormosia paraensis
MA,Amazonia,MAAmazonia,Parkia multijuga
MA,Amazonia,MAAmazonia,Parkia pendula
MA,Amazonia,MAAmazonia,Platypodium elegans
MA,Amazonia,MAAmazonia,Psidium guajava
MA,Amazonia,MAAmazonia,Samanea tubulosa
MA,Amazonia,MAAmazonia,Senegalia polyphylla
MA,Amazonia,MAAmazonia,Senna alata
MA,Amazonia,MAAmazonia,Senna multijuga
MA,Amazonia,MAAmazonia,Senna occidentalis
MA,Amazonia,MAAmazonia,Senna spectabilis
MA,Amazonia,MAAmazonia,Simarouba amara
MA,Amazonia,MAAmazonia,Solanum crinitum
MA,Amazonia,MAAmazonia,Spondias mombin
MA,Amazonia,MAAmazonia,Sterculia striata
MA,Amazonia,MAAmazonia,Tachigali vulgaris
MA,Amazonia,MAAmazonia,Terminalia grandis
MA,Amazonia,MAAmazonia,Terminalia tetraphylla
MA,Amazonia,MAAmazonia,Trema micranthum
MA,Amazonia,MAAmazonia,Zanthoxylum rhoifolium
MA,Cerrado,MACerrado,Acrocomia aculeata
MA,Cerrado,MACerrado,Anacardium occidentale
MA,Cerrado,MACerrado,Andira vermifuga
MA,Cerrado,MACerrado,Aristida gibbosa
MA,Cerrado,MACerrado,Aristida longifolia
MA,Cerrado,MACerrado,Aristida riparia
MA,Cerrado,MACerrado,Aspidosperma macrocarpon
MA,Cerrado,MACerrado,Astronium fraxinifolium
MA,Cerrado,MACerrado,Astronium urundeuva
MA,Cerrado,MACerrado,Axonopus aureus
MA,Cerrado,MACerrado,Byrsonima cydoniifolia
MA,Cerrado,MACerrado,Caryocar brasiliense
MA,Cerrado,MACerrado,Combretum duarteanum
MA,Cerrado,MACerrado,Copaifera langsdorffii
MA,Cerrado,MACerrado,Cordia alliodora
MA,Cerrado,MACerrado,Cybistax antisyphilitica
MA,Cerrado,MACerrado,Dalbergia miscolobium
MA,Cerrado,MACerrado,Dimorphandra mollis
MA,Cerrado,MACerrado,Dipteryx alata
MA,Cerrado,MACerrado,Echinolaena inflexa
MA,Cerrado,MACerrado,Emmotum nitens
MA,Cerrado,MACerrado,Guazuma ulmifolia
MA,Cerrado,MACerrado,Handroanthus ochraceus
MA,Cerrado,MACerrado,Hymenaea stigonocarpa
MA,Cerrado,MACerrado,Jacaranda brasiliana
MA,Cerrado,MACerrado,Kielmeyera coriacea
MA,Cerrado,MACerrado,Loudetiopsis chrysothrix
MA,Cerrado,MACerrado,Magonia pubescens
MA,Cerrado,MACerrado,Mauritiella armata
MA,Cerrado,MACerrado,Peltogyne confertiflora
MA,Cerrado,MACerrado,Plathymenia reticulata
MA,Cerrado,MACerrado,Platypodium elegans
MA,Cerrado,MACerrado,Qualea grandiflora
MA,Cerrado,MACerrado,Schizachyrium sanguineum
MA,Cerrado,MACerrado,Senegalia polyphylla
MA,Cerrado,MACerrado,Senna alata
MA,Cerrado,MACerrado,Senna spectabilis
MA,Cerrado,MACerrado,Simarouba amara
MA,Cerrado,MACerrado,Simarouba versicolor
MA,Cerrado,MACerrado,Sterculia striata
MA,Cerrado,MACerrado,Tabebuia aurea
MA,Cerrado,MACerrado,Tachigali aurea
MA,Cerrado,MACerrado,Tachigali vulgaris
MA,Cerrado,MACerrado,Terminalia corrugata
MA,Cerrado,MACerrado,Terminalia fagifolia
MA,Cerrado,MACerrado,Trachypogon spicatus
MA,Cerrado,MACerrado,Vatairea macrocarpa
MG,Cerrado,MGCerrado,Achyrocline satureioides
MG,Cerrado,MGCerrado,Acrocomia aculeata
MG,Cerrado,MGCerrado,Aldama bracteata
MG,Cerrado,MGCerrado,Amburana cearensis
MG,Cerrado,MGCerrado,Anacardium occidentale
MG,Cerrado,MGCerrado,Anadenanthera colubrina
MG,Cerrado,MGCerrado,Anadenanthera peregrina
MG,Cerrado,MGCerrado,Andira vermifuga
MG,Cerrado,MGCerrado,Andropogon fastigiatus
MG,Cerrado,MGCerrado,Aristida gibbosa
MG,Cerrado,MGCerrado,Aristida longifolia
MG,Cerrado,MGCerrado,Aristida riparia
MG,Cerrado,MGCerrado,Aspidosperma macrocarpon
MG,Cerrado,MGCerrado,Aspidosperma tomentosum
MG,Cerrado,MGCerrado,Astronium fraxinifolium
MG,Cerrado,MGCerrado,Astronium urundeuva
MG,Cerrado,MGCerrado,Axonopus aureus
MG,Cerrado,MGCerrado,Byrsonima cydoniifolia
MG,Cerrado,MGCerrado,Caryocar brasiliense
MG,Cerrado,MGCerrado,Chromolaena maximiliani
MG,Cerrado,MGCerrado,Combretum duarteanum
MG,Cerrado,MGCerrado,Copaifera langsdorffii
MG,Cerrado,MGCerrado,Cybistax antisyphilitica
MG,Cerrado,MGCerrado,Dalbergia miscolobium
MG,Cerrado,MGCerrado,Dimorphandra mollis
MG,Cerrado,MGCerrado,Dipteryx alata
MG,Cerrado,MGCerrado,Echinolaena inflexa
MG,Cerrado,MGCerrado,Emmotum nitens
MG,Cerrado,MGCerrado,Enterolobium contortisiliquum
MG,Cerrado,MGCerrado,Eremanthus glomerulatus
MG,Cerrado,MGCerrado,Guazuma ulmifolia
MG,Cerrado,MGCerrado,Handroanthus ochraceus
MG,Cerrado,MGCerrado,Hymenaea stigonocarpa
MG,Cerrado,MGCerrado,Hyparrhenia bracteata
MG,Cerrado,MGCerrado,Jacaranda brasiliana
MG,Cerrado,MGCerrado,Kielmeyera coriacea
MG,Cerrado,MGCerrado,Lepidaploa aurea
MG,Cerrado,MGCerrado,Loudetiopsis chrysothrix
MG,Cerrado,MGCerrado,Machaerium opacum
MG,Cerrado,MGCerrado,Macropsychanthus violaceus
MG,Cerrado,MGCerrado,Magonia pubescens
MG,Cerrado,MGCerrado,Mauritiella armata
MG,Cerrado,MGCerrado,Mimosa claussenii
MG,Cerrado,MGCerrado,Peltogyne confertiflora
MG,Cerrado,MGCerrado,Plathymenia reticulata
MG,Cerrado,MGCerrado,Platypodium elegans
MG,Cerrado,MGCerrado,Pterogyne nitens
MG,Cerrado,MGCerrado,Qualea grandiflora
MG,Cerrado,MGCerrado,Schizachyrium sanguineum
MG,Cerrado,MGCerrado,Senegalia polyphylla
MG,Cerrado,MGCerrado,Senna alata
MG,Cerrado,MGCerrado,Senna spectabilis
MG,Cerrado,MGCerrado,Simarouba amara
MG,Cerrado,MGCerrado,Simarouba versicolor
MG,Cerrado,MGCerrado,Solanum lycocarpum
MG,Cerrado,MGCerrado,Sterculia striata
MG,Cerrado,MGCerrado,Stryphnodendron adstringens
MG,Cerrado,MGCerrado,Syagrus oleracea
MG,Cerrado,MGCerrado,Tabebuia aurea
MG,Cerrado,MGCerrado,Tachigali aurea
MG,Cerrado,MGCerrado,Tachigali vulgaris
MG,Cerrado,MGCerrado,Terminalia argentea
MG,Cerrado,MGCerrado,Terminalia corrugata
MG,Cerrado,MGCerrado,Terminalia fagifolia
MG,Cerrado,MGCerrado,Trachypogon spicatus
MG,Cerrado,MGCerrado,Vatairea macrocarpa
MG,Cerrado,MGCerrado,Vernonanthura polyanthes
MG,Mata Atlantica,MGMata Atlantica,Albizia niopoides
MG,Mata Atlantica,MGMata Atlantica,Alchornea triplinervia
MG,Mata Atlantica,MGMata Atlantica,Anadenanthera colubrina
MG,Mata Atlantica,MGMata Atlantica,Anadenanthera peregrina
MG,Mata Atlantica,MGMata Atlantica,Andira fraxinifolia
MG,Mata Atlantica,MGMata Atlantica,Apeiba tibourbou
MG,Mata Atlantica,MGMata Atlantica,Apuleia leiocarpa
MG,Mata Atlantica,MGMata Atlantica,Astronium fraxinifolium
MG,Mata Atlantica,MGMata Atlantica,Astronium urundeuva
MG,Mata Atlantica,MGMata Atlantica,Axonopus siccus
MG,Mata Atlantica,MGMata Atlantica,Bauhinia forficata
MG,Mata Atlantica,MGMata Atlantica,Bixa orellana
MG,Mata Atlantica,MGMata Atlantica,Cassia ferruginea
MG,Mata Atlantica,MGMata Atlantica,Cecropia glaziovii
MG,Mata Atlantica,MGMata Atlantica,Cecropia pachystachya
MG,Mata Atlantica,MGMata Atlantica,Cedrela fissilis
MG,Mata Atlantica,MGMata Atlantica,Ceiba speciosa
MG,Mata Atlantica,MGMata Atlantica,Chromolaena maximiliani
MG,Mata Atlantica,MGMata Atlantica,Citharexylum myrianthum
MG,Mata Atlantica,MGMata Atlantica,Copaifera langsdorffii
MG,Mata Atlantica,MGMata Atlantica,Cordia trichotoma
MG,Mata Atlantica,MGMata Atlantica,Croton floribundus
MG,Mata Atlantica,MGMata Atlantica,Croton urucurana
MG,Mata Atlantica,MGMata Atlantica,Emmotum nitens
MG,Mata Atlantica,MGMata Atlantica,Enterolobium contortisiliquum
MG,Mata Atlantica,MGMata Atlantica,Enterolobium timbouva
MG,Mata Atlantica,MGMata Atlantica,Erythrina speciosa
MG,Mata Atlantica,MGMata Atlantica,Gallesia integrifolia
MG,Mata Atlantica,MGMata Atlantica,Guazuma ulmifolia
MG,Mata Atlantica,MGMata Atlantica,Handroanthus heptaphyllus
MG,Mata Atlantica,MGMata Atlantica,Handroanthus impetiginosus
MG,Mata Atlantica,MGMata Atlantica,Handroanthus ochraceus
MG,Mata Atlantica,MGMata Atlantica,Handroanthus serratifolius
MG,Mata Atlantica,MGMata Atlantica,Hymenaea courbaril
MG,Mata Atlantica,MGMata Atlantica,Jacaranda cuspidifolia
MG,Mata Atlantica,MGMata Atlantica,Mabea fistulifera
MG,Mata Atlantica,MGMata Atlantica,Maclura tinctoria
MG,Mata Atlantica,MGMata Atlantica,Macropsychanthus violaceus
MG,Mata Atlantica,MGMata Atlantica,Mimosa bimucronata
MG,Mata Atlantica,MGMata Atlantica,Myroxylon peruiferum
MG,Mata Atlantica,MGMata Atlantica,Ormosia arborea
MG,Mata Atlantica,MGMata Atlantica,Peltophorum dubium
MG,Mata Atlantica,MGMata Atlantica,Platypodium elegans
MG,Mata Atlantica,MGMata Atlantica,Psidium cattleyanum
MG,Mata Atlantica,MGMata Atlantica,Psidium guajava
MG,Mata Atlantica,MGMata Atlantica,Pterogyne nitens
MG,Mata Atlantica,MGMata Atlantica,Ricinus communis
MG,Mata Atlantica,MGMata Atlantica,Schinus terebinthifolia
MG,Mata Atlantica,MGMata Atlantica,Schizolobium parahyba var. parahyba
MG,Mata Atlantica,MGMata Atlantica,Senegalia polyphylla
MG,Mata Atlantica,MGMata Atlantica,Senna alata
MG,Mata Atlantica,MGMata Atlantica,Senna macranthera
MG,Mata Atlantica,MGMata Atlantica,Senna multijuga
MG,Mata Atlantica,MGMata Atlantica,Senna occidentalis
MG,Mata Atlantica,MGMata Atlantica,Senna spectabilis
MG,Mata Atlantica,MGMata Atlantica,Simarouba amara
MG,Mata Atlantica,MGMata Atlantica,Syagrus romanzoffiana
MG,Mata Atlantica,MGMata Atlantica,Tabebuia roseoalba
MG,Mata Atlantica,MGMata Atlantica,Trema micranthum
MG,Mata Atlantica,MGMata Atlantica,Vitex megapotamica
MG,Mata Atlantica,MGMata Atlantica,Zanthoxylum rhoifolium
MG,Mata Atlantica,MGMata Atlantica,Zeyheria tuberculosa
MS,Cerrado,MSCerrado,Acrocomia aculeata
MS,Cerrado,MSCerrado,Aldama bracteata
MS,Cerrado,MSCerrado,Amburana cearensis
MS,Cerrado,MSCerrado,Anacardium occidentale
MS,Cerrado,MSCerrado,Anadenanthera colubrina
MS,Cerrado,MSCerrado,Anadenanthera peregrina
MS,Cerrado,MSCerrado,Andira cujabensis
MS,Cerrado,MSCerrado,Andira vermifuga
MS,Cerrado,MSCerrado,Andropogon fastigiatus
MS,Cerrado,MSCerrado,Aristida longifolia
MS,Cerrado,MSCerrado,Aristida riparia
MS,Cerrado,MSCerrado,Aspidosperma macrocarpon
MS,Cerrado,MSCerrado,Aspidosperma tomentosum
MS,Cerrado,MSCerrado,Astronium fraxinifolium
MS,Cerrado,MSCerrado,Astronium urundeuva
MS,Cerrado,MSCerrado,Axonopus aureus
MS,Cerrado,MSCerrado,Byrsonima cydoniifolia
MS,Cerrado,MSCerrado,Caryocar brasiliense
MS,Cerrado,MSCerrado,Chromolaena maximiliani
MS,Cerrado,MSCerrado,Combretum duarteanum
MS,Cerrado,MSCerrado,Copaifera langsdorffii
MS,Cerrado,MSCerrado,Cordia alliodora
MS,Cerrado,MSCerrado,Cybistax antisyphilitica
MS,Cerrado,MSCerrado,Dalbergia miscolobium
MS,Cerrado,MSCerrado,Dimorphandra mollis
MS,Cerrado,MSCerrado,Dipteryx alata
MS,Cerrado,MSCerrado,Echinolaena inflexa
MS,Cerrado,MSCerrado,Enterolobium contortisiliquum
MS,Cerrado,MSCerrado,Guazuma ulmifolia
MS,Cerrado,MSCerrado,Handroanthus ochraceus
MS,Cerrado,MSCerrado,Hymenaea stigonocarpa
MS,Cerrado,MSCerrado,Hyparrhenia bracteata
MS,Cerrado,MSCerrado,Kielmeyera coriacea
MS,Cerrado,MSCerrado,Loudetiopsis chrysothrix
MS,Cerrado,MSCerrado,Macropsychanthus violaceus
MS,Cerrado,MSCerrado,Magonia pubescens
MS,Cerrado,MSCerrado,Peltogyne confertiflora
MS,Cerrado,MSCerrado,Plathymenia reticulata
MS,Cerrado,MSCerrado,Platypodium elegans
MS,Cerrado,MSCerrado,Pterogyne nitens
MS,Cerrado,MSCerrado,Qualea grandiflora
MS,Cerrado,MSCerrado,Schizachyrium sanguineum
MS,Cerrado,MSCerrado,Senegalia polyphylla
MS,Cerrado,MSCerrado,Senna alata
MS,Cerrado,MSCerrado,Senna spectabilis
MS,Cerrado,MSCerrado,Simarouba versicolor
MS,Cerrado,MSCerrado,Solanum lycocarpum
MS,Cerrado,MSCerrado,Sterculia striata
MS,Cerrado,MSCerrado,Stryphnodendron adstringens
MS,Cerrado,MSCerrado,Syagrus oleracea
MS,Cerrado,MSCerrado,Tabebuia aurea
MS,Cerrado,MSCerrado,Tachigali aurea
MS,Cerrado,MSCerrado,Tachigali vulgaris
MS,Cerrado,MSCerrado,Terminalia argentea
MS,Cerrado,MSCerrado,Terminalia corrugata
MS,Cerrado,MSCerrado,Terminalia fagifolia
MS,Cerrado,MSCerrado,Trachypogon spicatus
MS,Cerrado,MSCerrado,Vatairea macrocarpa
MS,Mata Atlantica,MSMata Atlantica,Albizia niopoides
MS,Mata Atlantica,MSMata Atlantica,Alchornea triplinervia
MS,Mata Atlantica,MSMata Atlantica,Anadenanthera colubrina
MS,Mata Atlantica,MSMata Atlantica,Anadenanthera peregrina
MS,Mata Atlantica,MSMata Atlantica,Andira fraxinifolia
MS,Mata Atlantica,MSMata Atlantica,Apeiba tibourbou
MS,Mata Atlantica,MSMata Atlantica,Apuleia leiocarpa
MS,Mata Atlantica,MSMata Atlantica,Astronium fraxinifolium
MS,Mata Atlantica,MSMata Atlantica,Astronium urundeuva
MS,Mata Atlantica,MSMata Atlantica,Axonopus siccus
MS,Mata Atlantica,MSMata Atlantica,Bixa orellana
MS,Mata Atlantica,MSMata Atlantica,Cecropia pachystachya
MS,Mata Atlantica,MSMata Atlantica,Cedrela fissilis
MS,Mata Atlantica,MSMata Atlantica,Ceiba speciosa
MS,Mata Atlantica,MSMata Atlantica,Chromolaena maximiliani
MS,Mata Atlantica,MSMata Atlantica,Copaifera langsdorffii
MS,Mata Atlantica,MSMata Atlantica,Cordia trichotoma
MS,Mata Atlantica,MSMata Atlantica,Croton floribundus
MS,Mata Atlantica,MSMata Atlantica,Croton urucurana
MS,Mata Atlantica,MSMata Atlantica,Enterolobium contortisiliquum
MS,Mata Atlantica,MSMata Atlantica,Enterolobium timbouva
MS,Mata Atlantica,MSMata Atlantica,Erythrina speciosa
MS,Mata Atlantica,MSMata Atlantica,Guazuma ulmifolia
MS,Mata Atlantica,MSMata Atlantica,Handroanthus heptaphyllus
MS,Mata Atlantica,MSMata Atlantica,Handroanthus impetiginosus
MS,Mata Atlantica,MSMata Atlantica,Handroanthus ochraceus
MS,Mata Atlantica,MSMata Atlantica,Handroanthus serratifolius
MS,Mata Atlantica,MSMata Atlantica,Hymenaea courbaril
MS,Mata Atlantica,MSMata Atlantica,Jacaranda cuspidifolia
MS,Mata Atlantica,MSMata Atlantica,Mabea fistulifera
MS,Mata Atlantica,MSMata Atlantica,Maclura tinctoria
MS,Mata Atlantica,MSMata Atlantica,Macropsychanthus violaceus
MS,Mata Atlantica,MSMata Atlantica,Mimosa bimucronata
MS,Mata Atlantica,MSMata Atlantica,Myroxylon peruiferum
MS,Mata Atlantica,MSMata Atlantica,Peltophorum dubium
MS,Mata Atlantica,MSMata Atlantica,Platypodium elegans
MS,Mata Atlantica,MSMata Atlantica,Psidium guajava
MS,Mata Atlantica,MSMata Atlantica,Pterogyne nitens
MS,Mata Atlantica,MSMata Atlantica,Ricinus communis
MS,Mata Atlantica,MSMata Atlantica,Samanea tubulosa
MS,Mata Atlantica,MSMata Atlantica,Schinus terebinthifolia
MS,Mata Atlantica,MSMata Atlantica,Senegalia polyphylla
MS,Mata Atlantica,MSMata Atlantica,Senna alata
MS,Mata Atlantica,MSMata Atlantica,Senna macranthera
MS,Mata Atlantica,MSMata Atlantica,Senna multijuga
MS,Mata Atlantica,MSMata Atlantica,Senna occidentalis
MS,Mata Atlantica,MSMata Atlantica,Senna spectabilis
MS,Mata Atlantica,MSMata Atlantica,Syagrus romanzoffiana
MS,Mata Atlantica,MSMata Atlantica,Tabebuia roseoalba
MS,Mata Atlantica,MSMata Atlantica,Trema micranthum
MS,Mata Atlantica,MSMata Atlantica,Vitex megapotamica
MS,Mata Atlantica,MSMata Atlantica,Zanthoxylum rhoifolium
MT,Amazonia,MTAmazonia,Apeiba tibourbou
MT,Amazonia,MTAmazonia,Apuleia leiocarpa
MT,Amazonia,MTAmazonia,Astronium fraxinifolium
MT,Amazonia,MTAmazonia,Bixa orellana
MT,Amazonia,MTAmazonia,Cecropia pachystachya
MT,Amazonia,MTAmazonia,Cedrela fissilis
MT,Amazonia,MTAmazonia,Ceiba pentandra
MT,Amazonia,MTAmazonia,Ceiba speciosa
MT,Amazonia,MTAmazonia,Chloroleucon acacioides
MT,Amazonia,MTAmazonia,Chloroleucon mangense
MT,Amazonia,MTAmazonia,Cochlospermum orinocense
MT,Amazonia,MTAmazonia,Colubrina glandulosa
MT,Amazonia,MTAmazonia,Curatella americana
MT,Amazonia,MTAmazonia,Dinizia excelsa
MT,Amazonia,MTAmazonia,Dipteryx odorata
MT,Amazonia,MTAmazonia,Emmotum nitens
MT,Amazonia,MTAmazonia,Enterolobium schomburgkii
MT,Amazonia,MTAmazonia,Guazuma ulmifolia
MT,Amazonia,MTAmazonia,Handroanthus impetiginosus
MT,Amazonia,MTAmazonia,Handroanthus serratifolius
MT,Amazonia,MTAmazonia,Hymenaea courbaril
MT,Amazonia,MTAmazonia,Hymenaea intermedia
MT,Amazonia,MTAmazonia,Mabea fistulifera
MT,Amazonia,MTAmazonia,Oenocarpus distichus
MT,Amazonia,MTAmazonia,Ormosia excelsa
MT,Amazonia,MTAmazonia,Ormosia paraensis
MT,Amazonia,MTAmazonia,Parkia multijuga
MT,Amazonia,MTAmazonia,Parkia pendula
MT,Amazonia,MTAmazonia,Platypodium elegans
MT,Amazonia,MTAmazonia,Psidium guajava
MT,Amazonia,MTAmazonia,Samanea tubulosa
MT,Amazonia,MTAmazonia,Schizolobium parahyba var. amazonicum
MT,Amazonia,MTAmazonia,Senegalia polyphylla
MT,Amazonia,MTAmazonia,Senna alata
MT,Amazonia,MTAmazonia,Senna multijuga
MT,Amazonia,MTAmazonia,Senna occidentalis
MT,Amazonia,MTAmazonia,Senna spectabilis
MT,Amazonia,MTAmazonia,Simarouba amara
MT,Amazonia,MTAmazonia,Solanum crinitum
MT,Amazonia,MTAmazonia,Spondias mombin
MT,Amazonia,MTAmazonia,Sterculia striata
MT,Amazonia,MTAmazonia,Tachigali bracteosa
MT,Amazonia,MTAmazonia,Tachigali vulgaris
MT,Amazonia,MTAmazonia,Terminalia tetraphylla
MT,Amazonia,MTAmazonia,Trema micranthum
MT,Amazonia,MTAmazonia,Zanthoxylum rhoifolium
MT,Cerrado,MTCerrado,Acrocomia aculeata
MT,Cerrado,MTCerrado,Anacardium occidentale
MT,Cerrado,MTCerrado,Anadenanthera colubrina
MT,Cerrado,MTCerrado,Anadenanthera peregrina
MT,Cerrado,MTCerrado,Andira cujabensis
MT,Cerrado,MTCerrado,Andira vermifuga
MT,Cerrado,MTCerrado,Andropogon fastigiatus
MT,Cerrado,MTCerrado,Aristida gibbosa
MT,Cerrado,MTCerrado,Aristida longifolia
MT,Cerrado,MTCerrado,Aristida riparia
MT,Cerrado,MTCerrado,Aspidosperma macrocarpon
MT,Cerrado,MTCerrado,Aspidosperma tomentosum
MT,Cerrado,MTCerrado,Astronium fraxinifolium
MT,Cerrado,MTCerrado,Astronium urundeuva
MT,Cerrado,MTCerrado,Axonopus aureus
MT,Cerrado,MTCerrado,Byrsonima cydoniifolia
MT,Cerrado,MTCerrado,Caryocar brasiliense
MT,Cerrado,MTCerrado,Chromolaena maximiliani
MT,Cerrado,MTCerrado,Combretum duarteanum
MT,Cerrado,MTCerrado,Copaifera langsdorffii
MT,Cerrado,MTCerrado,Cordia alliodora
MT,Cerrado,MTCerrado,Cybistax antisyphilitica
MT,Cerrado,MTCerrado,Dalbergia miscolobium
MT,Cerrado,MTCerrado,Dimorphandra mollis
MT,Cerrado,MTCerrado,Dipteryx alata
MT,Cerrado,MTCerrado,Echinolaena inflexa
MT,Cerrado,MTCerrado,Emmotum nitens
MT,Cerrado,MTCerrado,Enterolobium contortisiliquum
MT,Cerrado,MTCerrado,Eremanthus uniflorus
MT,Cerrado,MTCerrado,Guazuma ulmifolia
MT,Cerrado,MTCerrado,Handroanthus ochraceus
MT,Cerrado,MTCerrado,Hymenaea stigonocarpa
MT,Cerrado,MTCerrado,Hyparrhenia bracteata
MT,Cerrado,MTCerrado,Jacaranda brasiliana
MT,Cerrado,MTCerrado,Kielmeyera coriacea
MT,Cerrado,MTCerrado,Lepidaploa aurea
MT,Cerrado,MTCerrado,Loudetiopsis chrysothrix
MT,Cerrado,MTCerrado,Magonia pubescens
MT,Cerrado,MTCerrado,Mauritiella armata
MT,Cerrado,MTCerrado,Peltogyne confertiflora
MT,Cerrado,MTCerrado,Plathymenia reticulata
MT,Cerrado,MTCerrado,Platypodium elegans
MT,Cerrado,MTCerrado,Pterogyne nitens
MT,Cerrado,MTCerrado,Qualea grandiflora
MT,Cerrado,MTCerrado,Schizachyrium sanguineum
MT,Cerrado,MTCerrado,Senegalia polyphylla
MT,Cerrado,MTCerrado,Senna alata
MT,Cerrado,MTCerrado,Senna spectabilis
MT,Cerrado,MTCerrado,Simarouba amara
MT,Cerrado,MTCerrado,Simarouba versicolor
MT,Cerrado,MTCerrado,Solanum lycocarpum
MT,Cerrado,MTCerrado,Sterculia striata
MT,Cerrado,MTCerrado,Stryphnodendron adstringens
MT,Cerrado,MTCerrado,Syagrus oleracea
MT,Cerrado,MTCerrado,Tabebuia aurea
MT,Cerrado,MTCerrado,Tachigali aurea
MT,Cerrado,MTCerrado,Tachigali vulgaris
MT,Cerrado,MTCerrado,Terminalia argentea
MT,Cerrado,MTCerrado,Terminalia corrugata
MT,Cerrado,MTCerrado,Terminalia fagifolia
MT,Cerrado,MTCerrado,Trachypogon spicatus
MT,Cerrado,MTCerrado,Vatairea macrocarpa
PA,Amazonia,PAAmazonia,Apeiba tibourbou
PA,Amazonia,PAAmazonia,Apuleia leiocarpa
PA,Amazonia,PAAmazonia,Astronium fraxinifolium
PA,Amazonia,PAAmazonia,Bixa orellana
PA,Amazonia,PAAmazonia,Cassia leiandra
PA,Amazonia,PAAmazonia,Cecropia pachystachya
PA,Amazonia,PAAmazonia,Cedrela fissilis
PA,Amazonia,PAAmazonia,Ceiba pentandra
PA,Amazonia,PAAmazonia,Ceiba speciosa
PA,Amazonia,PAAmazonia,Chloroleucon acacioides
PA,Amazonia,PAAmazonia,Cochlospermum orinocense
PA,Amazonia,PAAmazonia,Colubrina glandulosa
PA,Amazonia,PAAmazonia,Copaifera martii
PA,Amazonia,PAAmazonia,Curatella americana
PA,Amazonia,PAAmazonia,Dinizia excelsa
PA,Amazonia,PAAmazonia,Dipteryx odorata
PA,Amazonia,PAAmazonia,Emmotum nitens
PA,Amazonia,PAAmazonia,Enterolobium schomburgkii
PA,Amazonia,PAAmazonia,Guazuma ulmifolia
PA,Amazonia,PAAmazonia,Handroanthus impetiginosus
PA,Amazonia,PAAmazonia,Handroanthus serratifolius
PA,Amazonia,PAAmazonia,Hymenaea courbaril
PA,Amazonia,PAAmazonia,Hymenaea intermedia
PA,Amazonia,PAAmazonia,Mabea fistulifera
PA,Amazonia,PAAmazonia,Oenocarpus distichus
PA,Amazonia,PAAmazonia,Ormosia excelsa
PA,Amazonia,PAAmazonia,Ormosia paraensis
PA,Amazonia,PAAmazonia,Parkia multijuga
PA,Amazonia,PAAmazonia,Parkia pendula
PA,Amazonia,PAAmazonia,Platypodium elegans
PA,Amazonia,PAAmazonia,Samanea tubulosa
PA,Amazonia,PAAmazonia,Schizolobium parahyba var. amazonicum
PA,Amazonia,PAAmazonia,Senegalia polyphylla
PA,Amazonia,PAAmazonia,Senna alata
PA,Amazonia,PAAmazonia,Senna multijuga
PA,Amazonia,PAAmazonia,Senna occidentalis
PA,Amazonia,PAAmazonia,Senna spectabilis
PA,Amazonia,PAAmazonia,Simarouba amara
PA,Amazonia,PAAmazonia,Solanum crinitum
PA,Amazonia,PAAmazonia,Spondias mombin
PA,Amazonia,PAAmazonia,Sterculia striata
PA,Amazonia,PAAmazonia,Tachigali bracteosa
PA,Amazonia,PAAmazonia,Tachigali vulgaris
PA,Amazonia,PAAmazonia,Terminalia grandis
PA,Amazonia,PAAmazonia,Terminalia tetraphylla
PA,Amazonia,PAAmazonia,Trattinnickia rhoifolia
PA,Amazonia,PAAmazonia,Trema micranthum
PA,Amazonia,PAAmazonia,Zanthoxylum rhoifolium
PA,Cerrado,PACerrado,Acrocomia aculeata
PA,Cerrado,PACerrado,Anacardium occidentale
PA,Cerrado,PACerrado,Anadenanthera peregrina
PA,Cerrado,PACerrado,Andira cujabensis
PA,Cerrado,PACerrado,Andropogon fastigiatus
PA,Cerrado,PACerrado,Aristida gibbosa
PA,Cerrado,PACerrado,Aristida longifolia
PA,Cerrado,PACerrado,Aspidosperma macrocarpon
PA,Cerrado,PACerrado,Astronium fraxinifolium
PA,Cerrado,PACerrado,Astronium urundeuva
PA,Cerrado,PACerrado,Axonopus aureus
PA,Cerrado,PACerrado,Caryocar brasiliense
PA,Cerrado,PACerrado,Combretum duarteanum
PA,Cerrado,PACerrado,Cordia alliodora
PA,Cerrado,PACerrado,Cybistax antisyphilitica
PA,Cerrado,PACerrado,Dimorphandra mollis
PA,Cerrado,PACerrado,Echinolaena inflexa
PA,Cerrado,PACerrado,Emmotum nitens
PA,Cerrado,PACerrado,Guazuma ulmifolia
PA,Cerrado,PACerrado,Handroanthus ochraceus
PA,Cerrado,PACerrado,Hymenaea stigonocarpa
PA,Cerrado,PACerrado,Jacaranda brasiliana
PA,Cerrado,PACerrado,Kielmeyera coriacea
PA,Cerrado,PACerrado,Loudetiopsis chrysothrix
PA,Cerrado,PACerrado,Mauritiella armata
PA,Cerrado,PACerrado,Plathymenia reticulata
PA,Cerrado,PACerrado,Platypodium elegans
PA,Cerrado,PACerrado,Qualea grandiflora
PA,Cerrado,PACerrado,Schizachyrium sanguineum
PA,Cerrado,PACerrado,Senegalia polyphylla
PA,Cerrado,PACerrado,Senna alata
PA,Cerrado,PACerrado,Senna spectabilis
PA,Cerrado,PACerrado,Simarouba amara
PA,Cerrado,PACerrado,Sterculia striata
PA,Cerrado,PACerrado,Tabebuia aurea
PA,Cerrado,PACerrado,Tachigali vulgaris
PA,Cerrado,PACerrado,Terminalia argentea
PA,Cerrado,PACerrado,Terminalia corrugata
PA,Cerrado,PACerrado,Trachypogon spicatus
PA,Cerrado,PACerrado,Vatairea macrocarpa
PB,Mata Atlantica,PBMata Atlantica,Anadenanthera colubrina
PB,Mata Atlantica,PBMata Atlantica,Anadenanthera peregrina
PB,Mata Atlantica,PBMata Atlantica,Andira fraxinifolia
PB,Mata Atlantica,PBMata Atlantica,Apeiba tibourbou
PB,Mata Atlantica,PBMata Atlantica,Apuleia leiocarpa
PB,Mata Atlantica,PBMata Atlantica,Astronium fraxinifolium
PB,Mata Atlantica,PBMata Atlantica,Astronium urundeuva
PB,Mata Atlantica,PBMata Atlantica,Bixa orellana
PB,Mata Atlantica,PBMata Atlantica,Cassia ferruginea
PB,Mata Atlantica,PBMata Atlantica,Cecropia pachystachya
PB,Mata Atlantica,PBMata Atlantica,Ceiba speciosa
PB,Mata Atlantica,PBMata Atlantica,Citharexylum myrianthum
PB,Mata Atlantica,PBMata Atlantica,Copaifera langsdorffii
PB,Mata Atlantica,PBMata Atlantica,Cordia trichotoma
PB,Mata Atlantica,PBMata Atlantica,Croton floribundus
PB,Mata Atlantica,PBMata Atlantica,Enterolobium contortisiliquum
PB,Mata Atlantica,PBMata Atlantica,Enterolobium timbouva
PB,Mata Atlantica,PBMata Atlantica,Erythrina speciosa
PB,Mata Atlantica,PBMata Atlantica,Gallesia integrifolia
PB,Mata Atlantica,PBMata Atlantica,Guazuma ulmifolia
PB,Mata Atlantica,PBMata Atlantica,Handroanthus impetiginosus
PB,Mata Atlantica,PBMata Atlantica,Handroanthus ochraceus
PB,Mata Atlantica,PBMata Atlantica,Handroanthus serratifolius
PB,Mata Atlantica,PBMata Atlantica,Hymenaea courbaril
PB,Mata Atlantica,PBMata Atlantica,Maclura tinctoria
PB,Mata Atlantica,PBMata Atlantica,Myroxylon peruiferum
PB,Mata Atlantica,PBMata Atlantica,Peltophorum dubium
PB,Mata Atlantica,PBMata Atlantica,Pterogyne nitens
PB,Mata Atlantica,PBMata Atlantica,Ricinus communis
PB,Mata Atlantica,PBMata Atlantica,Schinus terebinthifolia
PB,Mata Atlantica,PBMata Atlantica,Senegalia polyphylla
PB,Mata Atlantica,PBMata Atlantica,Senna alata
PB,Mata Atlantica,PBMata Atlantica,Senna macranthera
PB,Mata Atlantica,PBMata Atlantica,Senna occidentalis
PB,Mata Atlantica,PBMata Atlantica,Senna spectabilis
PB,Mata Atlantica,PBMata Atlantica,Simarouba amara
PB,Mata Atlantica,PBMata Atlantica,Tabebuia roseoalba
PB,Mata Atlantica,PBMata Atlantica,Trema micranthum
PB,Mata Atlantica,PBMata Atlantica,Vitex megapotamica
PB,Mata Atlantica,PBMata Atlantica,Zanthoxylum rhoifolium
PB,Mata Atlantica,PBMata Atlantica,Zeyheria tuberculosa
PE,Mata Atlantica,PEMata Atlantica,Alchornea triplinervia
PE,Mata Atlantica,PEMata Atlantica,Anadenanthera colubrina
PE,Mata Atlantica,PEMata Atlantica,Andira fraxinifolia
PE,Mata Atlantica,PEMata Atlantica,Apeiba tibourbou
PE,Mata Atlantica,PEMata Atlantica,Apuleia leiocarpa
PE,Mata Atlantica,PEMata Atlantica,Astronium fraxinifolium
PE,Mata Atlantica,PEMata Atlantica,Astronium urundeuva
PE,Mata Atlantica,PEMata Atlantica,Axonopus siccus
PE,Mata Atlantica,PEMata Atlantica,Bauhinia forficata
PE,Mata Atlantica,PEMata Atlantica,Bixa orellana
PE,Mata Atlantica,PEMata Atlantica,Cassia ferruginea
PE,Mata Atlantica,PEMata Atlantica,Cecropia pachystachya
PE,Mata Atlantica,PEMata Atlantica,Cedrela fissilis
PE,Mata Atlantica,PEMata Atlantica,Citharexylum myrianthum
PE,Mata Atlantica,PEMata Atlantica,Copaifera langsdorffii
PE,Mata Atlantica,PEMata Atlantica,Cordia trichotoma
PE,Mata Atlantica,PEMata Atlantica,Croton floribundus
PE,Mata Atlantica,PEMata Atlantica,Enterolobium contortisiliquum
PE,Mata Atlantica,PEMata Atlantica,Enterolobium timbouva
PE,Mata Atlantica,PEMata Atlantica,Gallesia integrifolia
PE,Mata Atlantica,PEMata Atlantica,Guazuma ulmifolia
PE,Mata Atlantica,PEMata Atlantica,Handroanthus heptaphyllus
PE,Mata Atlantica,PEMata Atlantica,Handroanthus impetiginosus
PE,Mata Atlantica,PEMata Atlantica,Handroanthus ochraceus
PE,Mata Atlantica,PEMata Atlantica,Handroanthus serratifolius
PE,Mata Atlantica,PEMata Atlantica,Hymenaea courbaril
PE,Mata Atlantica,PEMata Atlantica,Maclura tinctoria
PE,Mata Atlantica,PEMata Atlantica,Macropsychanthus violaceus
PE,Mata Atlantica,PEMata Atlantica,Mimosa bimucronata
PE,Mata Atlantica,PEMata Atlantica,Myroxylon peruiferum
PE,Mata Atlantica,PEMata Atlantica,Peltophorum dubium
PE,Mata Atlantica,PEMata Atlantica,Psidium cattleyanum
PE,Mata Atlantica,PEMata Atlantica,Psidium guajava
PE,Mata Atlantica,PEMata Atlantica,Pterogyne nitens
PE,Mata Atlantica,PEMata Atlantica,Ricinus communis
PE,Mata Atlantica,PEMata Atlantica,Schinus terebinthifolia
PE,Mata Atlantica,PEMata Atlantica,Senegalia polyphylla
PE,Mata Atlantica,PEMata Atlantica,Senna alata
PE,Mata Atlantica,PEMata Atlantica,Senna macranthera
PE,Mata Atlantica,PEMata Atlantica,Senna occidentalis
PE,Mata Atlantica,PEMata Atlantica,Senna spectabilis
PE,Mata Atlantica,PEMata Atlantica,Simarouba amara
PE,Mata Atlantica,PEMata Atlantica,Tabebuia roseoalba
PE,Mata Atlantica,PEMata Atlantica,Trema micranthum
PE,Mata Atlantica,PEMata Atlantica,Vitex megapotamica
PE,Mata Atlantica,PEMata Atlantica,Zanthoxylum rhoifolium
PE,Mata Atlantica,PEMata Atlantica,Zeyheria tuberculosa
PI,Cerrado,PICerrado,Acrocomia aculeata
PI,Cerrado,PICerrado,Amburana cearensis
PI,Cerrado,PICerrado,Anacardium occidentale
PI,Cerrado,PICerrado,Anadenanthera colubrina
PI,Cerrado,PICerrado,Andira vermifuga
PI,Cerrado,PICerrado,Andropogon fastigiatus
PI,Cerrado,PICerrado,Aristida longifolia
PI,Cerrado,PICerrado,Aspidosperma macrocarpon
PI,Cerrado,PICerrado,Astronium fraxinifolium
PI,Cerrado,PICerrado,Astronium urundeuva
PI,Cerrado,PICerrado,Byrsonima cydoniifolia
PI,Cerrado,PICerrado,Caryocar brasiliense
PI,Cerrado,PICerrado,Combretum duarteanum
PI,Cerrado,PICerrado,Copaifera langsdorffii
PI,Cerrado,PICerrado,Cordia alliodora
PI,Cerrado,PICerrado,Cybistax antisyphilitica
PI,Cerrado,PICerrado,Dalbergia miscolobium
PI,Cerrado,PICerrado,Dimorphandra mollis
PI,Cerrado,PICerrado,Echinolaena inflexa
PI,Cerrado,PICerrado,Enterolobium contortisiliquum
PI,Cerrado,PICerrado,Guazuma ulmifolia
PI,Cerrado,PICerrado,Handroanthus ochraceus
PI,Cerrado,PICerrado,Hymenaea stigonocarpa
PI,Cerrado,PICerrado,Jacaranda brasiliana
PI,Cerrado,PICerrado,Kielmeyera coriacea
PI,Cerrado,PICerrado,Lepidaploa aurea
PI,Cerrado,PICerrado,Machaerium opacum
PI,Cerrado,PICerrado,Macropsychanthus violaceus
PI,Cerrado,PICerrado,Magonia pubescens
PI,Cerrado,PICerrado,Mauritiella armata
PI,Cerrado,PICerrado,Peltogyne confertiflora
PI,Cerrado,PICerrado,Plathymenia reticulata
PI,Cerrado,PICerrado,Platypodium elegans
PI,Cerrado,PICerrado,Pterogyne nitens
PI,Cerrado,PICerrado,Qualea grandiflora
PI,Cerrado,PICerrado,Senna alata
PI,Cerrado,PICerrado,Senna spectabilis
PI,Cerrado,PICerrado,Simarouba amara
PI,Cerrado,PICerrado,Simarouba versicolor
PI,Cerrado,PICerrado,Sterculia striata
PI,Cerrado,PICerrado,Tabebuia aurea
PI,Cerrado,PICerrado,Tachigali aurea
PI,Cerrado,PICerrado,Tachigali vulgaris
PI,Cerrado,PICerrado,Terminalia argentea
PI,Cerrado,PICerrado,Terminalia corrugata
PI,Cerrado,PICerrado,Terminalia fagifolia
PI,Cerrado,PICerrado,Trachypogon spicatus
PI,Cerrado,PICerrado,Vatairea macrocarpa
PR,Cerrado,PRCerrado,Achyrocline satureioides
PR,Cerrado,PRCerrado,Anadenanthera colubrina
PR,Cerrado,PRCerrado,Anadenanthera peregrina
PR,Cerrado,PRCerrado,Aristida riparia
PR,Cerrado,PRCerrado,Aspidosperma tomentosum
PR,Cerrado,PRCerrado,Astronium urundeuva
PR,Cerrado,PRCerrado,Axonopus aureus
PR,Cerrado,PRCerrado,Caryocar brasiliense
PR,Cerrado,PRCerrado,Chromolaena maximiliani
PR,Cerrado,PRCerrado,Copaifera langsdorffii
PR,Cerrado,PRCerrado,Cybistax antisyphilitica
PR,Cerrado,PRCerrado,Dalbergia miscolobium
PR,Cerrado,PRCerrado,Echinolaena inflexa
PR,Cerrado,PRCerrado,Enterolobium contortisiliquum
PR,Cerrado,PRCerrado,Guazuma ulmifolia
PR,Cerrado,PRCerrado,Handroanthus ochraceus
PR,Cerrado,PRCerrado,Hyparrhenia bracteata
PR,Cerrado,PRCerrado,Kielmeyera coriacea
PR,Cerrado,PRCerrado,Macropsychanthus violaceus
PR,Cerrado,PRCerrado,Plathymenia reticulata
PR,Cerrado,PRCerrado,Platypodium elegans
PR,Cerrado,PRCerrado,Pterogyne nitens
PR,Cerrado,PRCerrado,Qualea grandiflora
PR,Cerrado,PRCerrado,Schizachyrium sanguineum
PR,Cerrado,PRCerrado,Senegalia polyphylla
PR,Cerrado,PRCerrado,Senna alata
PR,Cerrado,PRCerrado,Senna spectabilis
PR,Cerrado,PRCerrado,Solanum lycocarpum
PR,Cerrado,PRCerrado,Stryphnodendron adstringens
PR,Cerrado,PRCerrado,Syagrus oleracea
PR,Cerrado,PRCerrado,Tabebuia aurea
PR,Cerrado,PRCerrado,Terminalia argentea
PR,Cerrado,PRCerrado,Trachypogon spicatus
PR,Cerrado,PRCerrado,Vernonanthura polyanthes
PR,Mata Atlantica,PRMata Atlantica,Albizia niopoides
PR,Mata Atlantica,PRMata Atlantica,Alchornea triplinervia
PR,Mata Atlantica,PRMata Atlantica,Anadenanthera colubrina
PR,Mata Atlantica,PRMata Atlantica,Anadenanthera peregrina
PR,Mata Atlantica,PRMata Atlantica,Andira fraxinifolia
PR,Mata Atlantica,PRMata Atlantica,Apuleia leiocarpa
PR,Mata Atlantica,PRMata Atlantica,Astronium urundeuva
PR,Mata Atlantica,PRMata Atlantica,Axonopus siccus
PR,Mata Atlantica,PRMata Atlantica,Bauhinia forficata
PR,Mata Atlantica,PRMata Atlantica,Bixa orellana
PR,Mata Atlantica,PRMata Atlantica,Cassia ferruginea
PR,Mata Atlantica,PRMata Atlantica,Cecropia glaziovii
PR,Mata Atlantica,PRMata Atlantica,Cecropia pachystachya
PR,Mata Atlantica,PRMata Atlantica,Cedrela fissilis
PR,Mata Atlantica,PRMata Atlantica,Ceiba speciosa
PR,Mata Atlantica,PRMata Atlantica,Chromolaena maximiliani
PR,Mata Atlantica,PRMata Atlantica,Citharexylum myrianthum
PR,Mata Atlantica,PRMata Atlantica,Copaifera langsdorffii
PR,Mata Atlantica,PRMata Atlantica,Cordia trichotoma
PR,Mata Atlantica,PRMata Atlantica,Croton floribundus
PR,Mata Atlantica,PRMata Atlantica,Croton urucurana
PR,Mata Atlantica,PRMata Atlantica,Enterolobium contortisiliquum
PR,Mata Atlantica,PRMata Atlantica,Erythrina speciosa
PR,Mata Atlantica,PRMata Atlantica,Gallesia integrifolia
PR,Mata Atlantica,PRMata Atlantica,Guazuma ulmifolia
PR,Mata Atlantica,PRMata Atlantica,Handroanthus heptaphyllus
PR,Mata Atlantica,PRMata Atlantica,Handroanthus ochraceus
PR,Mata Atlantica,PRMata Atlantica,Handroanthus serratifolius
PR,Mata Atlantica,PRMata Atlantica,Hymenaea courbaril
PR,Mata Atlantica,PRMata Atlantica,Maclura tinctoria
PR,Mata Atlantica,PRMata Atlantica,Macropsychanthus violaceus
PR,Mata Atlantica,PRMata Atlantica,Mimosa bimucronata
PR,Mata Atlantica,PRMata Atlantica,Myroxylon peruiferum
PR,Mata Atlantica,PRMata Atlantica,Ormosia arborea
PR,Mata Atlantica,PRMata Atlantica,Peltophorum dubium
PR,Mata Atlantica,PRMata Atlantica,Platypodium elegans
PR,Mata Atlantica,PRMata Atlantica,Psidium cattleyanum
PR,Mata Atlantica,PRMata Atlantica,Psidium guajava
PR,Mata Atlantica,PRMata Atlantica,Pterogyne nitens
PR,Mata Atlantica,PRMata Atlantica,Ricinus communis
PR,Mata Atlantica,PRMata Atlantica,Schinus terebinthifolia
PR,Mata Atlantica,PRMata Atlantica,Schizolobium parahyba var. parahyba
PR,Mata Atlantica,PRMata Atlantica,Senegalia polyphylla
PR,Mata Atlantica,PRMata Atlantica,Senna alata
PR,Mata Atlantica,PRMata Atlantica,Senna macranthera
PR,Mata Atlantica,PRMata Atlantica,Senna multijuga
PR,Mata Atlantica,PRMata Atlantica,Senna occidentalis
PR,Mata Atlantica,PRMata Atlantica,Senna spectabilis
PR,Mata Atlantica,PRMata Atlantica,Syagrus romanzoffiana
PR,Mata Atlantica,PRMata Atlantica,Trema micranthum
PR,Mata Atlantica,PRMata Atlantica,Vitex megapotamica
PR,Mata Atlantica,PRMata Atlantica,Zanthoxylum rhoifolium
RJ,Mata Atlantica,RJMata Atlantica,Albizia niopoides
RJ,Mata Atlantica,RJMata Atlantica,Alchornea triplinervia
RJ,Mata Atlantica,RJMata Atlantica,Anadenanthera colubrina
RJ,Mata Atlantica,RJMata Atlantica,Anadenanthera peregrina
RJ,Mata Atlantica,RJMata Atlantica,Andira fraxinifolia
RJ,Mata Atlantica,RJMata Atlantica,Apeiba tibourbou
RJ,Mata Atlantica,RJMata Atlantica,Apuleia leiocarpa
RJ,Mata Atlantica,RJMata Atlantica,Astronium urundeuva
RJ,Mata Atlantica,RJMata Atlantica,Axonopus siccus
RJ,Mata Atlantica,RJMata Atlantica,Bauhinia forficata
RJ,Mata Atlantica,RJMata Atlantica,Bixa orellana
RJ,Mata Atlantica,RJMata Atlantica,Cassia ferruginea
RJ,Mata Atlantica,RJMata Atlantica,Cecropia glaziovii
RJ,Mata Atlantica,RJMata Atlantica,Cecropia pachystachya
RJ,Mata Atlantica,RJMata Atlantica,Cedrela fissilis
RJ,Mata Atlantica,RJMata Atlantica,Ceiba speciosa
RJ,Mata Atlantica,RJMata Atlantica,Chromolaena maximiliani
RJ,Mata Atlantica,RJMata Atlantica,Citharexylum myrianthum
RJ,Mata Atlantica,RJMata Atlantica,Copaifera langsdorffii
RJ,Mata Atlantica,RJMata Atlantica,Cordia trichotoma
RJ,Mata Atlantica,RJMata Atlantica,Croton floribundus
RJ,Mata Atlantica,RJMata Atlantica,Croton urucurana
RJ,Mata Atlantica,RJMata Atlantica,Enterolobium contortisiliquum
RJ,Mata Atlantica,RJMata Atlantica,Erythrina speciosa
RJ,Mata Atlantica,RJMata Atlantica,Gallesia integrifolia
RJ,Mata Atlantica,RJMata Atlantica,Guazuma ulmifolia
RJ,Mata Atlantica,RJMata Atlantica,Handroanthus heptaphyllus
RJ,Mata Atlantica,RJMata Atlantica,Handroanthus impetiginosus
RJ,Mata Atlantica,RJMata Atlantica,Handroanthus ochraceus
RJ,Mata Atlantica,RJMata Atlantica,Handroanthus serratifolius
RJ,Mata Atlantica,RJMata Atlantica,Hymenaea courbaril
RJ,Mata Atlantica,RJMata Atlantica,Mabea fistulifera
RJ,Mata Atlantica,RJMata Atlantica,Maclura tinctoria
RJ,Mata Atlantica,RJMata Atlantica,Macropsychanthus violaceus
RJ,Mata Atlantica,RJMata Atlantica,Mimosa bimucronata
RJ,Mata Atlantica,RJMata Atlantica,Myroxylon peruiferum
RJ,Mata Atlantica,RJMata Atlantica,Ormosia arborea
RJ,Mata Atlantica,RJMata Atlantica,Peltophorum dubium
RJ,Mata Atlantica,RJMata Atlantica,Platypodium elegans
RJ,Mata Atlantica,RJMata Atlantica,Psidium cattleyanum
RJ,Mata Atlantica,RJMata Atlantica,Psidium guajava
RJ,Mata Atlantica,RJMata Atlantica,Pterogyne nitens
RJ,Mata Atlantica,RJMata Atlantica,Ricinus communis
RJ,Mata Atlantica,RJMata Atlantica,Schinus terebinthifolia
RJ,Mata Atlantica,RJMata Atlantica,Schizolobium parahyba var. parahyba
RJ,Mata Atlantica,RJMata Atlantica,Senegalia polyphylla
RJ,Mata Atlantica,RJMata Atlantica,Senna alata
RJ,Mata Atlantica,RJMata Atlantica,Senna macranthera
RJ,Mata Atlantica,RJMata Atlantica,Senna multijuga
RJ,Mata Atlantica,RJMata Atlantica,Senna occidentalis
RJ,Mata Atlantica,RJMata Atlantica,Senna spectabilis
RJ,Mata Atlantica,RJMata Atlantica,Simarouba amara
RJ,Mata Atlantica,RJMata Atlantica,Syagrus romanzoffiana
RJ,Mata Atlantica,RJMata Atlantica,Tabebuia roseoalba
RJ,Mata Atlantica,RJMata Atlantica,Trema micranthum
RJ,Mata Atlantica,RJMata Atlantica,Vitex megapotamica
RJ,Mata Atlantica,RJMata Atlantica,Zanthoxylum rhoifolium
RJ,Mata Atlantica,RJMata Atlantica,Zeyheria tuberculosa
RN,Mata Atlantica,RNMata Atlantica,Anadenanthera colubrina
RN,Mata Atlantica,RNMata Atlantica,Andira fraxinifolia
RN,Mata Atlantica,RNMata Atlantica,Apeiba tibourbou
RN,Mata Atlantica,RNMata Atlantica,Apuleia leiocarpa
RN,Mata Atlantica,RNMata Atlantica,Astronium fraxinifolium
RN,Mata Atlantica,RNMata Atlantica,Astronium urundeuva
RN,Mata Atlantica,RNMata Atlantica,Bixa orellana
RN,Mata Atlantica,RNMata Atlantica,Cecropia pachystachya
RN,Mata Atlantica,RNMata Atlantica,Citharexylum myrianthum
RN,Mata Atlantica,RNMata Atlantica,Copaifera langsdorffii
RN,Mata Atlantica,RNMata Atlantica,Cordia trichotoma
RN,Mata Atlantica,RNMata Atlantica,Enterolobium contortisiliquum
RN,Mata Atlantica,RNMata Atlantica,Guazuma ulmifolia
RN,Mata Atlantica,RNMata Atlantica,Handroanthus impetiginosus
RN,Mata Atlantica,RNMata Atlantica,Handroanthus serratifolius
RN,Mata Atlantica,RNMata Atlantica,Hymenaea courbaril
RN,Mata Atlantica,RNMata Atlantica,Myroxylon peruiferum
RN,Mata Atlantica,RNMata Atlantica,Peltophorum dubium
RN,Mata Atlantica,RNMata Atlantica,Pterogyne nitens
RN,Mata Atlantica,RNMata Atlantica,Ricinus communis
RN,Mata Atlantica,RNMata Atlantica,Schinus terebinthifolia
RN,Mata Atlantica,RNMata Atlantica,Senegalia polyphylla
RN,Mata Atlantica,RNMata Atlantica,Senna alata
RN,Mata Atlantica,RNMata Atlantica,Senna macranthera
RN,Mata Atlantica,RNMata Atlantica,Senna occidentalis
RN,Mata Atlantica,RNMata Atlantica,Senna spectabilis
RN,Mata Atlantica,RNMata Atlantica,Simarouba amara
RN,Mata Atlantica,RNMata Atlantica,Tabebuia roseoalba
RN,Mata Atlantica,RNMata Atlantica,Trema micranthum
RN,Mata Atlantica,RNMata Atlantica,Zanthoxylum rhoifolium
RN,Mata Atlantica,RNMata Atlantica,Zeyheria tuberculosa
RO,Amazonia,ROAmazonia,Apeiba tibourbou
RO,Amazonia,ROAmazonia,Apuleia leiocarpa
RO,Amazonia,ROAmazonia,Bixa orellana
RO,Amazonia,ROAmazonia,Cassia leiandra
RO,Amazonia,ROAmazonia,Cedrela fissilis
RO,Amazonia,ROAmazonia,Ceiba pentandra
RO,Amazonia,ROAmazonia,Ceiba speciosa
RO,Amazonia,ROAmazonia,Chloroleucon mangense
RO,Amazonia,ROAmazonia,Cochlospermum orinocense
RO,Amazonia,ROAmazonia,Colubrina glandulosa
RO,Amazonia,ROAmazonia,Curatella americana
RO,Amazonia,ROAmazonia,Dinizia excelsa
RO,Amazonia,ROAmazonia,Dipteryx odorata
RO,Amazonia,ROAmazonia,Emmotum nitens
RO,Amazonia,ROAmazonia,Enterolobium schomburgkii
RO,Amazonia,ROAmazonia,Guazuma ulmifolia
RO,Amazonia,ROAmazonia,Handroanthus impetiginosus
RO,Amazonia,ROAmazonia,Handroanthus serratifolius
RO,Amazonia,ROAmazonia,Hymenaea courbaril
RO,Amazonia,ROAmazonia,Hymenaea intermedia
RO,Amazonia,ROAmazonia,Mabea fistulifera
RO,Amazonia,ROAmazonia,Oenocarpus distichus
RO,Amazonia,ROAmazonia,Ormosia excelsa
RO,Amazonia,ROAmazonia,Ormosia paraensis
RO,Amazonia,ROAmazonia,Parkia multijuga
RO,Amazonia,ROAmazonia,Parkia pendula
RO,Amazonia,ROAmazonia,Platypodium elegans
RO,Amazonia,ROAmazonia,Samanea tubulosa
RO,Amazonia,ROAmazonia,Schizolobium parahyba var. amazonicum
RO,Amazonia,ROAmazonia,Senegalia polyphylla
RO,Amazonia,ROAmazonia,Senna alata
RO,Amazonia,ROAmazonia,Senna multijuga
RO,Amazonia,ROAmazonia,Senna occidentalis
RO,Amazonia,ROAmazonia,Simarouba amara
RO,Amazonia,ROAmazonia,Solanum crinitum
RO,Amazonia,ROAmazonia,Spondias mombin
RO,Amazonia,ROAmazonia,Tachigali bracteosa
RO,Amazonia,ROAmazonia,Terminalia tetraphylla
RO,Amazonia,ROAmazonia,Trattinnickia rhoifolia
RO,Amazonia,ROAmazonia,Trema micranthum
RO,Amazonia,ROAmazonia,Zanthoxylum rhoifolium
RO,Cerrado,ROCerrado,Aristida riparia
RO,Cerrado,ROCerrado,Astronium urundeuva
RO,Cerrado,ROCerrado,Axonopus aureus
RO,Cerrado,ROCerrado,Copaifera langsdorffii
RO,Cerrado,ROCerrado,Cordia alliodora
RO,Cerrado,ROCerrado,Dalbergia miscolobium
RO,Cerrado,ROCerrado,Dimorphandra mollis
RO,Cerrado,ROCerrado,Dipteryx alata
RO,Cerrado,ROCerrado,Echinolaena inflexa
RO,Cerrado,ROCerrado,Emmotum nitens
RO,Cerrado,ROCerrado,Guazuma ulmifolia
RO,Cerrado,ROCerrado,Kielmeyera coriacea
RO,Cerrado,ROCerrado,Loudetiopsis chrysothrix
RO,Cerrado,ROCerrado,Magonia pubescens
RO,Cerrado,ROCerrado,Mauritiella armata
RO,Cerrado,ROCerrado,Platypodium elegans
RO,Cerrado,ROCerrado,Qualea grandiflora
RO,Cerrado,ROCerrado,Schizachyrium sanguineum
RO,Cerrado,ROCerrado,Senegalia polyphylla
RO,Cerrado,ROCerrado,Senna alata
RO,Cerrado,ROCerrado,Simarouba amara
RO,Cerrado,ROCerrado,Simarouba versicolor
RO,Cerrado,ROCerrado,Terminalia corrugata
RO,Cerrado,ROCerrado,Trachypogon spicatus
RO,Cerrado,ROCerrado,Vatairea macrocarpa
RR,Amazonia,RRAmazonia,Apeiba tibourbou
RR,Amazonia,RRAmazonia,Apuleia leiocarpa
RR,Amazonia,RRAmazonia,Bixa orellana
RR,Amazonia,RRAmazonia,Cassia leiandra
RR,Amazonia,RRAmazonia,Ceiba pentandra
RR,Amazonia,RRAmazonia,Cochlospermum orinocense
RR,Amazonia,RRAmazonia,Colubrina glandulosa
RR,Amazonia,RRAmazonia,Curatella americana
RR,Amazonia,RRAmazonia,Dinizia excelsa
RR,Amazonia,RRAmazonia,Dipteryx odorata
RR,Amazonia,RRAmazonia,Enterolobium schomburgkii
RR,Amazonia,RRAmazonia,Guazuma ulmifolia
RR,Amazonia,RRAmazonia,Handroanthus serratifolius
RR,Amazonia,RRAmazonia,Hymenaea courbaril
RR,Amazonia,RRAmazonia,Hymenaea intermedia
RR,Amazonia,RRAmazonia,Ormosia excelsa
RR,Amazonia,RRAmazonia,Ormosia paraensis
RR,Amazonia,RRAmazonia,Parkia pendula
RR,Amazonia,RRAmazonia,Platypodium elegans
RR,Amazonia,RRAmazonia,Senna multijuga
RR,Amazonia,RRAmazonia,Senna occidentalis
RR,Amazonia,RRAmazonia,Simarouba amara
RR,Amazonia,RRAmazonia,Solanum crinitum
RR,Amazonia,RRAmazonia,Spondias mombin
RR,Amazonia,RRAmazonia,Terminalia grandis
RR,Amazonia,RRAmazonia,Terminalia tetraphylla
RR,Amazonia,RRAmazonia,Trattinnickia rhoifolia
RR,Amazonia,RRAmazonia,Trema micranthum
RR,Amazonia,RRAmazonia,Zanthoxylum rhoifolium
RS,Mata Atlantica,RSMata Atlantica,Albizia niopoides
RS,Mata Atlantica,RSMata Atlantica,Alchornea triplinervia
RS,Mata Atlantica,RSMata Atlantica,Andira fraxinifolia
RS,Mata Atlantica,RSMata Atlantica,Apuleia leiocarpa
RS,Mata Atlantica,RSMata Atlantica,Astronium urundeuva
RS,Mata Atlantica,RSMata Atlantica,Axonopus siccus
RS,Mata Atlantica,RSMata Atlantica,Bauhinia forficata
RS,Mata Atlantica,RSMata Atlantica,Bixa orellana
RS,Mata Atlantica,RSMata Atlantica,Cassia ferruginea
RS,Mata Atlantica,RSMata Atlantica,Cecropia glaziovii
RS,Mata Atlantica,RSMata Atlantica,Cecropia pachystachya
RS,Mata Atlantica,RSMata Atlantica,Cedrela fissilis
RS,Mata Atlantica,RSMata Atlantica,Ceiba speciosa
RS,Mata Atlantica,RSMata Atlantica,Citharexylum myrianthum
RS,Mata Atlantica,RSMata Atlantica,Copaifera langsdorffii
RS,Mata Atlantica,RSMata Atlantica,Cordia trichotoma
RS,Mata Atlantica,RSMata Atlantica,Croton urucurana
RS,Mata Atlantica,RSMata Atlantica,Enterolobium contortisiliquum
RS,Mata Atlantica,RSMata Atlantica,Guazuma ulmifolia
RS,Mata Atlantica,RSMata Atlantica,Handroanthus heptaphyllus
RS,Mata Atlantica,RSMata Atlantica,Maclura tinctoria
RS,Mata Atlantica,RSMata Atlantica,Macropsychanthus violaceus
RS,Mata Atlantica,RSMata Atlantica,Mimosa bimucronata
RS,Mata Atlantica,RSMata Atlantica,Peltophorum dubium
RS,Mata Atlantica,RSMata Atlantica,Psidium cattleyanum
RS,Mata Atlantica,RSMata Atlantica,Psidium guajava
RS,Mata Atlantica,RSMata Atlantica,Pterogyne nitens
RS,Mata Atlantica,RSMata Atlantica,Ricinus communis
RS,Mata Atlantica,RSMata Atlantica,Schinus terebinthifolia
RS,Mata Atlantica,RSMata Atlantica,Senna alata
RS,Mata Atlantica,RSMata Atlantica,Senna macranthera
RS,Mata Atlantica,RSMata Atlantica,Senna multijuga
RS,Mata Atlantica,RSMata Atlantica,Senna occidentalis
RS,Mata Atlantica,RSMata Atlantica,Senna spectabilis
RS,Mata Atlantica,RSMata Atlantica,Syagrus romanzoffiana
RS,Mata Atlantica,RSMata Atlantica,Trema micranthum
RS,Mata Atlantica,RSMata Atlantica,Vitex megapotamica
RS,Mata Atlantica,RSMata Atlantica,Zanthoxylum rhoifolium
SC,Mata Atlantica,SCMata Atlantica,Albizia niopoides
SC,Mata Atlantica,SCMata Atlantica,Alchornea triplinervia
SC,Mata Atlantica,SCMata Atlantica,Andira fraxinifolia
SC,Mata Atlantica,SCMata Atlantica,Apuleia leiocarpa
SC,Mata Atlantica,SCMata Atlantica,Astronium urundeuva
SC,Mata Atlantica,SCMata Atlantica,Axonopus siccus
SC,Mata Atlantica,SCMata Atlantica,Bauhinia forficata
SC,Mata Atlantica,SCMata Atlantica,Bixa orellana
SC,Mata Atlantica,SCMata Atlantica,Cecropia glaziovii
SC,Mata Atlantica,SCMata Atlantica,Cecropia pachystachya
SC,Mata Atlantica,SCMata Atlantica,Cedrela fissilis
SC,Mata Atlantica,SCMata Atlantica,Ceiba speciosa
SC,Mata Atlantica,SCMata Atlantica,Citharexylum myrianthum
SC,Mata Atlantica,SCMata Atlantica,Cordia trichotoma
SC,Mata Atlantica,SCMata Atlantica,Croton urucurana
SC,Mata Atlantica,SCMata Atlantica,Enterolobium contortisiliquum
SC,Mata Atlantica,SCMata Atlantica,Erythrina speciosa
SC,Mata Atlantica,SCMata Atlantica,Guazuma ulmifolia
SC,Mata Atlantica,SCMata Atlantica,Handroanthus heptaphyllus
SC,Mata Atlantica,SCMata Atlantica,Maclura tinctoria
SC,Mata Atlantica,SCMata Atlantica,Macropsychanthus violaceus
SC,Mata Atlantica,SCMata Atlantica,Mimosa bimucronata
SC,Mata Atlantica,SCMata Atlantica,Ormosia arborea
SC,Mata Atlantica,SCMata Atlantica,Peltophorum dubium
SC,Mata Atlantica,SCMata Atlantica,Platypodium elegans
SC,Mata Atlantica,SCMata Atlantica,Psidium cattleyanum
SC,Mata Atlantica,SCMata Atlantica,Psidium guajava
SC,Mata Atlantica,SCMata Atlantica,Pterogyne nitens
SC,Mata Atlantica,SCMata Atlantica,Ricinus communis
SC,Mata Atlantica,SCMata Atlantica,Schinus terebinthifolia
SC,Mata Atlantica,SCMata Atlantica,Schizolobium parahyba var. parahyba
SC,Mata Atlantica,SCMata Atlantica,Senna alata
SC,Mata Atlantica,SCMata Atlantica,Senna macranthera
SC,Mata Atlantica,SCMata Atlantica,Senna multijuga
SC,Mata Atlantica,SCMata Atlantica,Senna occidentalis
SC,Mata Atlantica,SCMata Atlantica,Syagrus romanzoffiana
SC,Mata Atlantica,SCMata Atlantica,Trema micranthum
SC,Mata Atlantica,SCMata Atlantica,Vitex megapotamica
SC,Mata Atlantica,SCMata Atlantica,Zanthoxylum rhoifolium
SE,Mata Atlantica,SEMata Atlantica,Anadenanthera colubrina
SE,Mata Atlantica,SEMata Atlantica,Andira fraxinifolia
SE,Mata Atlantica,SEMata Atlantica,Apeiba tibourbou
SE,Mata Atlantica,SEMata Atlantica,Apuleia leiocarpa
SE,Mata Atlantica,SEMata Atlantica,Astronium fraxinifolium
SE,Mata Atlantica,SEMata Atlantica,Astronium urundeuva
SE,Mata Atlantica,SEMata Atlantica,Axonopus siccus
SE,Mata Atlantica,SEMata Atlantica,Bixa orellana
SE,Mata Atlantica,SEMata Atlantica,Cassia ferruginea
SE,Mata Atlantica,SEMata Atlantica,Cecropia pachystachya
SE,Mata Atlantica,SEMata Atlantica,Cedrela fissilis
SE,Mata Atlantica,SEMata Atlantica,Citharexylum myrianthum
SE,Mata Atlantica,SEMata Atlantica,Cordia trichotoma
SE,Mata Atlantica,SEMata Atlantica,Enterolobium timbouva
SE,Mata Atlantica,SEMata Atlantica,Guazuma ulmifolia
SE,Mata Atlantica,SEMata Atlantica,Handroanthus impetiginosus
SE,Mata Atlantica,SEMata Atlantica,Handroanthus serratifolius
SE,Mata Atlantica,SEMata Atlantica,Hymenaea courbaril
SE,Mata Atlantica,SEMata Atlantica,Maclura tinctoria
SE,Mata Atlantica,SEMata Atlantica,Macropsychanthus violaceus
SE,Mata Atlantica,SEMata Atlantica,Mimosa bimucronata
SE,Mata Atlantica,SEMata Atlantica,Peltophorum dubium
SE,Mata Atlantica,SEMata Atlantica,Platypodium elegans
SE,Mata Atlantica,SEMata Atlantica,Psidium cattleyanum
SE,Mata Atlantica,SEMata Atlantica,Psidium guajava
SE,Mata Atlantica,SEMata Atlantica,Pterogyne nitens
SE,Mata Atlantica,SEMata Atlantica,Ricinus communis
SE,Mata Atlantica,SEMata Atlantica,Schinus terebinthifolia
SE,Mata Atlantica,SEMata Atlantica,Senna macranthera
SE,Mata Atlantica,SEMata Atlantica,Senna occidentalis
SE,Mata Atlantica,SEMata Atlantica,Senna spectabilis
SE,Mata Atlantica,SEMata Atlantica,Simarouba amara
SE,Mata Atlantica,SEMata Atlantica,Tabebuia roseoalba
SE,Mata Atlantica,SEMata Atlantica,Trema micranthum
SE,Mata Atlantica,SEMata Atlantica,Zanthoxylum rhoifolium
SE,Mata Atlantica,SEMata Atlantica,Zeyheria tuberculosa
SP,Cerrado,SPCerrado,Achyrocline satureioides
SP,Cerrado,SPCerrado,Acrocomia aculeata
SP,Cerrado,SPCerrado,Amburana cearensis
SP,Cerrado,SPCerrado,Anacardium occidentale
SP,Cerrado,SPCerrado,Anadenanthera colubrina
SP,Cerrado,SPCerrado,Anadenanthera peregrina
SP,Cerrado,SPCerrado,Andira vermifuga
SP,Cerrado,SPCerrado,Andropogon fastigiatus
SP,Cerrado,SPCerrado,Aristida riparia
SP,Cerrado,SPCerrado,Aspidosperma tomentosum
SP,Cerrado,SPCerrado,Astronium urundeuva
SP,Cerrado,SPCerrado,Axonopus aureus
SP,Cerrado,SPCerrado,Byrsonima cydoniifolia
SP,Cerrado,SPCerrado,Caryocar brasiliense
SP,Cerrado,SPCerrado,Chromolaena maximiliani
SP,Cerrado,SPCerrado,Combretum duarteanum
SP,Cerrado,SPCerrado,Copaifera langsdorffii
SP,Cerrado,SPCerrado,Cybistax antisyphilitica
SP,Cerrado,SPCerrado,Dalbergia miscolobium
SP,Cerrado,SPCerrado,Dimorphandra mollis
SP,Cerrado,SPCerrado,Dipteryx alata
SP,Cerrado,SPCerrado,Echinolaena inflexa
SP,Cerrado,SPCerrado,Enterolobium contortisiliquum
SP,Cerrado,SPCerrado,Guazuma ulmifolia
SP,Cerrado,SPCerrado,Handroanthus ochraceus
SP,Cerrado,SPCerrado,Hymenaea stigonocarpa
SP,Cerrado,SPCerrado,Hyparrhenia bracteata
SP,Cerrado,SPCerrado,Kielmeyera coriacea
SP,Cerrado,SPCerrado,Lepidaploa aurea
SP,Cerrado,SPCerrado,Loudetiopsis chrysothrix
SP,Cerrado,SPCerrado,Macropsychanthus violaceus
SP,Cerrado,SPCerrado,Magonia pubescens
SP,Cerrado,SPCerrado,Peltogyne confertiflora
SP,Cerrado,SPCerrado,Plathymenia reticulata
SP,Cerrado,SPCerrado,Platypodium elegans
SP,Cerrado,SPCerrado,Pterogyne nitens
SP,Cerrado,SPCerrado,Qualea grandiflora
SP,Cerrado,SPCerrado,Schizachyrium sanguineum
SP,Cerrado,SPCerrado,Senegalia polyphylla
SP,Cerrado,SPCerrado,Senna alata
SP,Cerrado,SPCerrado,Senna spectabilis
SP,Cerrado,SPCerrado,Solanum lycocarpum
SP,Cerrado,SPCerrado,Sterculia striata
SP,Cerrado,SPCerrado,Stryphnodendron adstringens
SP,Cerrado,SPCerrado,Syagrus oleracea
SP,Cerrado,SPCerrado,Tabebuia aurea
SP,Cerrado,SPCerrado,Tachigali aurea
SP,Cerrado,SPCerrado,Tachigali vulgaris
SP,Cerrado,SPCerrado,Terminalia argentea
SP,Cerrado,SPCerrado,Trachypogon spicatus
SP,Cerrado,SPCerrado,Vatairea macrocarpa
SP,Cerrado,SPCerrado,Vernonanthura polyanthes
SP,Mata Atlantica,SPMata Atlantica,Albizia niopoides
SP,Mata Atlantica,SPMata Atlantica,Alchornea triplinervia
SP,Mata Atlantica,SPMata Atlantica,Anadenanthera colubrina
SP,Mata Atlantica,SPMata Atlantica,Anadenanthera peregrina
SP,Mata Atlantica,SPMata Atlantica,Andira fraxinifolia
SP,Mata Atlantica,SPMata Atlantica,Apeiba tibourbou
SP,Mata Atlantica,SPMata Atlantica,Apuleia leiocarpa
SP,Mata Atlantica,SPMata Atlantica,Astronium urundeuva
SP,Mata Atlantica,SPMata Atlantica,Axonopus siccus
SP,Mata Atlantica,SPMata Atlantica,Bauhinia forficata
SP,Mata Atlantica,SPMata Atlantica,Bixa orellana
SP,Mata Atlantica,SPMata Atlantica,Cassia ferruginea
SP,Mata Atlantica,SPMata Atlantica,Cecropia glaziovii
SP,Mata Atlantica,SPMata Atlantica,Cecropia pachystachya
SP,Mata Atlantica,SPMata Atlantica,Cedrela fissilis
SP,Mata Atlantica,SPMata Atlantica,Ceiba speciosa
SP,Mata Atlantica,SPMata Atlantica,Chromolaena maximiliani
SP,Mata Atlantica,SPMata Atlantica,Citharexylum myrianthum
SP,Mata Atlantica,SPMata Atlantica,Copaifera langsdorffii
SP,Mata Atlantica,SPMata Atlantica,Cordia trichotoma
SP,Mata Atlantica,SPMata Atlantica,Croton floribundus
SP,Mata Atlantica,SPMata Atlantica,Croton urucurana
SP,Mata Atlantica,SPMata Atlantica,Enterolobium contortisiliquum
SP,Mata Atlantica,SPMata Atlantica,Enterolobium timbouva
SP,Mata Atlantica,SPMata Atlantica,Erythrina speciosa
SP,Mata Atlantica,SPMata Atlantica,Gallesia integrifolia
SP,Mata Atlantica,SPMata Atlantica,Guazuma ulmifolia
SP,Mata Atlantica,SPMata Atlantica,Handroanthus heptaphyllus
SP,Mata Atlantica,SPMata Atlantica,Handroanthus impetiginosus
SP,Mata Atlantica,SPMata Atlantica,Handroanthus ochraceus
SP,Mata Atlantica,SPMata Atlantica,Handroanthus serratifolius
SP,Mata Atlantica,SPMata Atlantica,Hymenaea courbaril
SP,Mata Atlantica,SPMata Atlantica,Jacaranda cuspidifolia
SP,Mata Atlantica,SPMata Atlantica,Mabea fistulifera
SP,Mata Atlantica,SPMata Atlantica,Maclura tinctoria
SP,Mata Atlantica,SPMata Atlantica,Macropsychanthus violaceus
SP,Mata Atlantica,SPMata Atlantica,Mimosa bimucronata
SP,Mata Atlantica,SPMata Atlantica,Myroxylon peruiferum
SP,Mata Atlantica,SPMata Atlantica,Ormosia arborea
SP,Mata Atlantica,SPMata Atlantica,Peltophorum dubium
SP,Mata Atlantica,SPMata Atlantica,Platypodium elegans
SP,Mata Atlantica,SPMata Atlantica,Psidium cattleyanum
SP,Mata Atlantica,SPMata Atlantica,Psidium guajava
SP,Mata Atlantica,SPMata Atlantica,Pterogyne nitens
SP,Mata Atlantica,SPMata Atlantica,Ricinus communis
SP,Mata Atlantica,SPMata Atlantica,Schinus terebinthifolia
SP,Mata Atlantica,SPMata Atlantica,Schizolobium parahyba var. parahyba
SP,Mata Atlantica,SPMata Atlantica,Senegalia polyphylla
SP,Mata Atlantica,SPMata Atlantica,Senna alata
SP,Mata Atlantica,SPMata Atlantica,Senna macranthera
SP,Mata Atlantica,SPMata Atlantica,Senna multijuga
SP,Mata Atlantica,SPMata Atlantica,Senna occidentalis
SP,Mata Atlantica,SPMata Atlantica,Senna spectabilis
SP,Mata Atlantica,SPMata Atlantica,Syagrus romanzoffiana
SP,Mata Atlantica,SPMata Atlantica,Tabebuia roseoalba
SP,Mata Atlantica,SPMata Atlantica,Trema micranthum
SP,Mata Atlantica,SPMata Atlantica,Vitex megapotamica
SP,Mata Atlantica,SPMata Atlantica,Zanthoxylum rhoifolium
SP,Mata Atlantica,SPMata Atlantica,Zeyheria tuberculosa
TO,Amazonia,TOAmazonia,Apeiba tibourbou
TO,Amazonia,TOAmazonia,Apuleia leiocarpa
TO,Amazonia,TOAmazonia,Astronium fraxinifolium
TO,Amazonia,TOAmazonia,Bixa orellana
TO,Amazonia,TOAmazonia,Cecropia pachystachya
TO,Amazonia,TOAmazonia,Cedrela fissilis
TO,Amazonia,TOAmazonia,Ceiba speciosa
TO,Amazonia,TOAmazonia,Chloroleucon acacioides
TO,Amazonia,TOAmazonia,Copaifera martii
TO,Amazonia,TOAmazonia,Curatella americana
TO,Amazonia,TOAmazonia,Dinizia excelsa
TO,Amazonia,TOAmazonia,Enterolobium schomburgkii
TO,Amazonia,TOAmazonia,Guazuma ulmifolia
TO,Amazonia,TOAmazonia,Handroanthus impetiginosus
TO,Amazonia,TOAmazonia,Handroanthus serratifolius
TO,Amazonia,TOAmazonia,Hymenaea courbaril
TO,Amazonia,TOAmazonia,Hymenaea intermedia
TO,Amazonia,TOAmazonia,Mabea fistulifera
TO,Amazonia,TOAmazonia,Oenocarpus distichus
TO,Amazonia,TOAmazonia,Parkia multijuga
TO,Amazonia,TOAmazonia,Parkia pendula
TO,Amazonia,TOAmazonia,Platypodium elegans
TO,Amazonia,TOAmazonia,Samanea tubulosa
TO,Amazonia,TOAmazonia,Senegalia polyphylla
TO,Amazonia,TOAmazonia,Senna alata
TO,Amazonia,TOAmazonia,Senna multijuga
TO,Amazonia,TOAmazonia,Senna occidentalis
TO,Amazonia,TOAmazonia,Senna spectabilis
TO,Amazonia,TOAmazonia,Simarouba amara
TO,Amazonia,TOAmazonia,Solanum crinitum
TO,Amazonia,TOAmazonia,Spondias mombin
TO,Amazonia,TOAmazonia,Sterculia striata
TO,Amazonia,TOAmazonia,Tachigali bracteosa
TO,Amazonia,TOAmazonia,Tachigali vulgaris
TO,Amazonia,TOAmazonia,Terminalia tetraphylla
TO,Amazonia,TOAmazonia,Trema micranthum
TO,Amazonia,TOAmazonia,Zanthoxylum rhoifolium
TO,Cerrado,TOCerrado,Amburana cearensis
TO,Cerrado,TOCerrado,Anacardium occidentale
TO,Cerrado,TOCerrado,Andira cujabensis
TO,Cerrado,TOCerrado,Andira vermifuga
TO,Cerrado,TOCerrado,Andropogon fastigiatus
TO,Cerrado,TOCerrado,Aristida gibbosa
TO,Cerrado,TOCerrado,Aristida longifolia
TO,Cerrado,TOCerrado,Aspidosperma macrocarpon
TO,Cerrado,TOCerrado,Aspidosperma tomentosum
TO,Cerrado,TOCerrado,Astronium fraxinifolium
TO,Cerrado,TOCerrado,Astronium urundeuva
TO,Cerrado,TOCerrado,Axonopus aureus
TO,Cerrado,TOCerrado,Byrsonima cydoniifolia
TO,Cerrado,TOCerrado,Caryocar brasiliense
TO,Cerrado,TOCerrado,Combretum duarteanum
TO,Cerrado,TOCerrado,Copaifera langsdorffii
TO,Cerrado,TOCerrado,Cordia alliodora
TO,Cerrado,TOCerrado,Cybistax antisyphilitica
TO,Cerrado,TOCerrado,Dalbergia miscolobium
TO,Cerrado,TOCerrado,Dimorphandra mollis
TO,Cerrado,TOCerrado,Dipteryx alata
TO,Cerrado,TOCerrado,Echinolaena inflexa
TO,Cerrado,TOCerrado,Guazuma ulmifolia
TO,Cerrado,TOCerrado,Handroanthus ochraceus
TO,Cerrado,TOCerrado,Hymenaea stigonocarpa
TO,Cerrado,TOCerrado,Jacaranda brasiliana
TO,Cerrado,TOCerrado,Kielmeyera coriacea
TO,Cerrado,TOCerrado,Lepidaploa aurea
TO,Cerrado,TOCerrado,Loudetiopsis chrysothrix
TO,Cerrado,TOCerrado,Machaerium opacum
TO,Cerrado,TOCerrado,Magonia pubescens
TO,Cerrado,TOCerrado,Mauritiella armata
TO,Cerrado,TOCerrado,Mimosa claussenii
TO,Cerrado,TOCerrado,Peltogyne confertiflora
TO,Cerrado,TOCerrado,Plathymenia reticulata
TO,Cerrado,TOCerrado,Platypodium elegans
TO,Cerrado,TOCerrado,Qualea grandiflora
TO,Cerrado,TOCerrado,Schizachyrium sanguineum
TO,Cerrado,TOCerrado,Senegalia polyphylla
TO,Cerrado,TOCerrado,Senna alata
TO,Cerrado,TOCerrado,Senna spectabilis
TO,Cerrado,TOCerrado,Simarouba amara
TO,Cerrado,TOCerrado,Simarouba versicolor
TO,Cerrado,TOCerrado,Sterculia striata
TO,Cerrado,TOCerrado,Stryphnodendron adstringens
TO,Cerrado,TOCerrado,Syagrus oleracea
TO,Cerrado,TOCerrado,Tabebuia aurea
TO,Cerrado,TOCerrado,Tachigali aurea
TO,Cerrado,TOCerrado,Tachigali vulgaris
TO,Cerrado,TOCerrado,Terminalia argentea
TO,Cerrado,TOCerrado,Terminalia corrugata
TO,Cerrado,TOCerrado,Terminalia fagifolia
TO,Cerrado,TOCerrado,Trachypogon spicatus
TO,Cerrado,TOCerrado,Vatairea macrocarpa